candle_time,funding_rate,funding_timestamp
2021-03-15 00:00:00+00:00,0.00123821,1615766400000
2021-03-16 00:00:00+00:00,0.00073982,1615852800000
2021-03-17 00:00:00+00:00,0.00020607,1615939200000
2021-03-18 00:00:00+00:00,0.00013785,1616025600000
2021-03-19 00:00:00+00:00,0.00050897,1616112000000
2021-03-20 00:00:00+00:00,0.00015265,1616198400000
2021-03-21 00:00:00+00:00,0.00071525,1616284800000
2021-03-22 00:00:00+00:00,0.00033585,1616371200000
2021-03-23 00:00:00+00:00,0.00031794,1616457600000
2021-03-24 00:00:00+00:00,0.00015945,1616544000000
2021-03-25 00:00:00+00:00,0.00016195,1616630400000
2021-03-26 00:00:00+00:00,0.00012568,1616716800000
2021-03-27 00:00:00+00:00,0.00011329,1616803200000
2021-03-28 00:00:00+00:00,0.0001466,1616889600000
2021-03-29 00:00:00+00:00,0.00021016,1616976000000
2021-03-30 00:00:00+00:00,0.00061262,1617062400000
2021-03-31 00:00:00+00:00,0.00047448,1617148800000
2021-04-01 00:00:00+00:00,0.00053572,1617235200000
2021-04-02 00:00:00+00:00,0.00069773,1617321600000
2021-04-03 00:00:00+00:00,0.00135536,1617408000000
2021-04-04 00:00:00+00:00,0.00093684,1617494400000
2021-04-05 00:00:00+00:00,0.0011181,1617580800000
2021-04-06 00:00:00+00:00,0.00062954,1617667200000
2021-04-07 00:00:00+00:00,0.00074152,1617753600000
2021-04-08 00:00:00+00:00,0.00040274,1617840000000
2021-04-09 00:00:00+00:00,0.0001,1617926400000
2021-04-10 00:00:00+00:00,0.00031411,1618012800000
2021-04-11 00:00:00+00:00,0.00160718,1618099200000
2021-04-12 00:00:00+00:00,0.00073703,1618185600000
2021-04-13 00:00:00+00:00,0.00099122,1618272000000
2021-04-14 00:00:00+00:00,0.00142072,1618358400000
2021-04-15 00:00:00+00:00,0.0012666,1618444800000
2021-04-16 00:00:00+00:00,0.00078506,1618531200000
2021-04-17 00:00:00+00:00,0.00104954,1618617600000
2021-04-18 00:00:00+00:00,0.00054846,1618704000000
2021-04-19 00:00:00+00:00,0.00031717,1618790400000
2021-04-20 00:00:00+00:00,0.00017023,1618876800000
2021-04-21 00:00:00+00:00,0.0001,1618963200000
2021-04-22 00:00:00+00:00,0.0001,1619049600000
2021-04-23 00:00:00+00:00,0.0001,1619136000000
2021-04-24 00:00:00+00:00,0.00072079,1619222400000
2021-04-25 00:00:00+00:00,0.0001,1619308800000
2021-04-26 00:00:00+00:00,0.0001,1619395200000
2021-04-27 00:00:00+00:00,0.0001,1619481600000
2021-04-28 00:00:00+00:00,0.00016617,1619568000000
2021-04-29 00:00:00+00:00,0.0001,1619654400000
2021-04-30 00:00:00+00:00,0.0001,1619740800000
2021-05-01 00:00:00+00:00,0.00026478,1619827200000
2021-05-02 00:00:00+00:00,0.00012435,1619913600000
2021-05-03 00:00:00+00:00,0.0001,1620000000000
2021-05-04 00:00:00+00:00,0.00040999,1620086400000
2021-05-05 00:00:00+00:00,0.00066311,1620172800000
2021-05-06 00:00:00+00:00,0.00075867,1620259200000
2021-05-07 00:00:00+00:00,0.00078253,1620345600000
2021-05-08 00:00:00+00:00,0.0002748,1620432000000
2021-05-09 00:00:00+00:00,0.00027352,1620518400000
2021-05-10 00:00:00+00:00,0.00042364,1620604800000
2021-05-11 00:00:00+00:00,0.00062344,1620691200000
2021-05-12 00:00:00+00:00,0.00035404,1620777600000
2021-05-13 00:00:00+00:00,0.00086185,1620864000000
2021-05-14 00:00:00+00:00,0.0003497,1620950400000
2021-05-15 00:00:00+00:00,0.0001,1621036800000
2021-05-16 00:00:00+00:00,0.00116535,1621123200000
2021-05-17 00:00:00+00:00,0.00040183,1621209600000
2021-05-18 00:00:00+00:00,0.00062777,1621296000000
2021-05-19 00:00:00+00:00,0.00059868,1621382400000
2021-05-20 00:00:00+00:00,-0.0034595,1621468800000
2021-05-21 00:00:00+00:00,0.0001,1621555200000
2021-05-22 00:00:00+00:00,0.0001,1621641600000
2021-05-23 00:00:00+00:00,0.0001,1621728000000
2021-05-24 00:00:00+00:00,0.0001,1621814400000
2021-05-25 00:00:00+00:00,0.0001,1621900800000
2021-05-26 00:00:00+00:00,0.0001,1621987200000
2021-05-27 00:00:00+00:00,0.0001,1622073600000
2021-05-28 00:00:00+00:00,0.0001,1622160000000
2021-05-29 00:00:00+00:00,0.0001,1622246400000
2021-05-30 00:00:00+00:00,0.0001,1622332800000
2021-05-31 00:00:00+00:00,0.0001,1622419200000
2021-06-01 00:00:00+00:00,0.0001,1622505600000
2021-06-02 00:00:00+00:00,0.0001,1622592000000
2021-06-03 00:00:00+00:00,0.0001,1622678400000
2021-06-04 00:00:00+00:00,0.0001,1622764800000
2021-06-05 00:00:00+00:00,0.0001,1622851200000
2021-06-06 00:00:00+00:00,0.0001,1622937600000
2021-06-07 00:00:00+00:00,-0.00011108,1623024000000
2021-06-08 00:00:00+00:00,0.0001,1623110400000
2021-06-09 00:00:00+00:00,9.307e-05,1623196800000
2021-06-10 00:00:00+00:00,-1.86e-06,1623283200000
2021-06-11 00:00:00+00:00,0.0001,1623369600000
2021-06-12 00:00:00+00:00,0.0001,1623456000000
2021-06-13 00:00:00+00:00,0.0001,1623542400000
2021-06-14 00:00:00+00:00,0.0001,1623628800000
2021-06-15 00:00:00+00:00,0.0001,1623715200000
2021-06-16 00:00:00+00:00,0.0001,1623801600000
2021-06-17 00:00:00+00:00,0.0001,1623888000000
2021-06-18 00:00:00+00:00,0.0001,1623974400000
2021-06-19 00:00:00+00:00,0.0001,1624060800000
2021-06-20 00:00:00+00:00,1.455e-05,1624147200000
2021-06-21 00:00:00+00:00,-1.418e-05,1624233600000
2021-06-22 00:00:00+00:00,-0.00010394,1624320000000
2021-06-23 00:00:00+00:00,-8.588e-05,1624406400000
2021-06-24 00:00:00+00:00,-9.761e-05,1624492800000
2021-06-25 00:00:00+00:00,0.0001,1624579200000
2021-06-26 00:00:00+00:00,0.0001,1624665600000
2021-06-27 00:00:00+00:00,-0.00014264,1624752000000
2021-06-28 00:00:00+00:00,-0.00018071,1624838400000
2021-06-29 00:00:00+00:00,-2.573e-05,1624924800000
2021-06-30 00:00:00+00:00,3.05e-06,1625011200000
2021-07-01 00:00:00+00:00,0.0001,1625097600000
2021-07-02 00:00:00+00:00,-3.455e-05,1625184000000
2021-07-03 00:00:00+00:00,1.337e-05,1625270400000
2021-07-04 00:00:00+00:00,0.0001,1625356800000
2021-07-05 00:00:00+00:00,0.0001,1625443200000
2021-07-06 00:00:00+00:00,-0.00013467,1625529600000
2021-07-07 00:00:00+00:00,-0.00025925,1625616000000
2021-07-08 00:00:00+00:00,0.0001,1625702400000
2021-07-09 00:00:00+00:00,0.0001,1625788800000
2021-07-10 00:00:00+00:00,0.0001,1625875200000
2021-07-11 00:00:00+00:00,0.0001,1625961600000
2021-07-12 00:00:00+00:00,0.0001,1626048000000
2021-07-13 00:00:00+00:00,0.0001,1626134400000
2021-07-14 00:00:00+00:00,0.0001,1626220800000
2021-07-15 00:00:00+00:00,0.0001,1626307200000
2021-07-16 00:00:00+00:00,0.0001,1626393600000
2021-07-17 00:00:00+00:00,0.0001,1626480000000
2021-07-18 00:00:00+00:00,0.0001,1626566400000
2021-07-19 00:00:00+00:00,0.0001,1626652800000
2021-07-20 00:00:00+00:00,0.0001,1626739200000
2021-07-21 00:00:00+00:00,6.896e-05,1626825600000
2021-07-22 00:00:00+00:00,-9.631e-05,1626912000000
2021-07-23 00:00:00+00:00,-0.0001249,1626998400000
2021-07-24 00:00:00+00:00,9.093e-05,1627084800000
2021-07-25 00:00:00+00:00,0.0001,1627171200000
2021-07-26 00:00:00+00:00,7.657e-05,1627257600000
2021-07-27 00:00:00+00:00,0.0001,1627344000000
2021-07-28 00:00:00+00:00,0.0001,1627430400000
2021-07-29 00:00:00+00:00,0.0001,1627516800000
2021-07-30 00:00:00+00:00,0.0001,1627603200000
2021-07-31 00:00:00+00:00,0.0001,1627689600000
2021-08-01 00:00:00+00:00,0.0001,1627776000000
2021-08-02 00:00:00+00:00,0.0001,1627862400000
2021-08-03 00:00:00+00:00,0.0001,1627948800000
2021-08-04 00:00:00+00:00,0.0001,1628035200000
2021-08-05 00:00:00+00:00,0.0001,1628121600000
2021-08-06 00:00:00+00:00,0.0001,1628208000000
2021-08-07 00:00:00+00:00,0.0001,1628294400000
2021-08-08 00:00:00+00:00,0.0001,1628380800000
2021-08-09 00:00:00+00:00,0.0001,1628467200000
2021-08-10 00:00:00+00:00,0.0001,1628553600000
2021-08-11 00:00:00+00:00,0.0001,1628640000000
2021-08-12 00:00:00+00:00,0.0001,1628726400000
2021-08-13 00:00:00+00:00,0.00033407,1628812800000
2021-08-14 00:00:00+00:00,0.0001,1628899200000
2021-08-15 00:00:00+00:00,0.00041696,1628985600000
2021-08-16 00:00:00+00:00,0.00031081,1629072000000
2021-08-17 00:00:00+00:00,0.0001,1629158400000
2021-08-18 00:00:00+00:00,0.0001,1629244800000
2021-08-19 00:00:00+00:00,0.0001,1629331200000
2021-08-20 00:00:00+00:00,0.0001,1629417600000
2021-08-21 00:00:00+00:00,0.00019105,1629504000000
2021-08-22 00:00:00+00:00,0.0001,1629590400000
2021-08-23 00:00:00+00:00,0.0001,1629676800000
2021-08-24 00:00:00+00:00,0.0001,1629763200000
2021-08-25 00:00:00+00:00,0.00047575,1629849600000
2021-08-26 00:00:00+00:00,0.0001,1629936000000
2021-08-27 00:00:00+00:00,0.00012546,1630022400000
2021-08-28 00:00:00+00:00,0.0001,1630108800000
2021-08-29 00:00:00+00:00,0.0001,1630195200000
2021-08-30 00:00:00+00:00,0.0001,1630281600000
2021-08-31 00:00:00+00:00,0.0003804,1630368000000
2021-09-01 00:00:00+00:00,0.0001,1630454400000
2021-09-02 00:00:00+00:00,0.0001,1630540800000
2021-09-03 00:00:00+00:00,0.00100973,1630627200000
2021-09-04 00:00:00+00:00,0.00077665,1630713600000
2021-09-05 00:00:00+00:00,0.0015446,1630800000000
2021-09-06 00:00:00+00:00,0.00094589,1630886400000
2021-09-07 00:00:00+00:00,0.00057765,1630972800000
2021-09-08 00:00:00+00:00,0.00022907,1631059200000
2021-09-09 00:00:00+00:00,0.0001,1631145600000
2021-09-10 00:00:00+00:00,0.0001,1631232000000
2021-09-11 00:00:00+00:00,0.0001,1631318400000
2021-09-12 00:00:00+00:00,0.0001,1631404800000
2021-09-13 00:00:00+00:00,0.0001,1631491200000
2021-09-14 00:00:00+00:00,0.0001,1631577600000
2021-09-15 00:00:00+00:00,0.0001,1631664000000
2021-09-16 00:00:00+00:00,0.0001,1631750400000
2021-09-17 00:00:00+00:00,0.0001,1631836800000
2021-09-18 00:00:00+00:00,0.00025318,1631923200000
2021-09-19 00:00:00+00:00,0.0001,1632009600000
2021-09-20 00:00:00+00:00,0.0001,1632096000000
2021-09-21 00:00:00+00:00,0.0001,1632182400000
2021-09-22 00:00:00+00:00,0.0001,1632268800000
2021-09-23 00:00:00+00:00,0.0001,1632355200000
2021-09-24 00:00:00+00:00,0.0001,1632441600000
2021-09-25 00:00:00+00:00,0.0001,1632528000000
2021-09-26 00:00:00+00:00,0.0001,1632614400000
2021-09-27 00:00:00+00:00,0.0001,1632700800000
2021-09-28 00:00:00+00:00,0.0001,1632787200000
2021-09-29 00:00:00+00:00,0.0001,1632873600000
2021-09-30 00:00:00+00:00,0.0001,1632960000000
2021-10-01 00:00:00+00:00,0.0001,1633046400000
2021-10-02 00:00:00+00:00,0.0001,1633132800000
2021-10-03 00:00:00+00:00,0.0001,1633219200000
2021-10-04 00:00:00+00:00,0.0001,1633305600000
2021-10-05 00:00:00+00:00,0.0001,1633392000000
2021-10-06 00:00:00+00:00,0.0001,1633478400000
2021-10-07 00:00:00+00:00,0.0001,1633564800000
2021-10-08 00:00:00+00:00,0.0001898,1633651200000
2021-10-09 00:00:00+00:00,0.00017805,1633737600000
2021-10-10 00:00:00+00:00,0.0001,1633824000000
2021-10-11 00:00:00+00:00,0.0001,1633910400000
2021-10-12 00:00:00+00:00,0.0001,1633996800000
2021-10-13 00:00:00+00:00,0.0001,1634083200000
2021-10-14 00:00:00+00:00,0.0001,1634169600000
2021-10-15 00:00:00+00:00,0.00011975,1634256000000
2021-10-16 00:00:00+00:00,0.00048703,1634342400000
2021-10-17 00:00:00+00:00,0.00088854,1634428800000
2021-10-18 00:00:00+00:00,0.00061493,1634515200000
2021-10-19 00:00:00+00:00,0.00038356,1634601600000
2021-10-20 00:00:00+00:00,0.00048321,1634688000000
2021-10-21 00:00:00+00:00,0.00102806,1634774400000
2021-10-22 00:00:00+00:00,0.00167168,1634860800000
2021-10-23 00:00:00+00:00,0.00054781,1634947200000
2021-10-24 00:00:00+00:00,0.0001,1635033600000
2021-10-25 00:00:00+00:00,0.00053655,1635120000000
2021-10-26 00:00:00+00:00,0.00054094,1635206400000
2021-10-27 00:00:00+00:00,0.00017949,1635292800000
2021-10-28 00:00:00+00:00,0.00022045,1635379200000
2021-10-29 00:00:00+00:00,0.0001,1635465600000
2021-10-30 00:00:00+00:00,0.0001,1635552000000
2021-10-31 00:00:00+00:00,0.00034606,1635638400000
2021-11-01 00:00:00+00:00,0.00016733,1635724800000
2021-11-02 00:00:00+00:00,0.00024931,1635811200000
2021-11-03 00:00:00+00:00,0.00077681,1635897600000
2021-11-04 00:00:00+00:00,0.00023027,1635984000000
2021-11-05 00:00:00+00:00,0.00025339,1636070400000
2021-11-06 00:00:00+00:00,0.00026307,1636156800000
2021-11-07 00:00:00+00:00,0.00027551,1636243200000
2021-11-08 00:00:00+00:00,0.0001,1636329600000
2021-11-09 00:00:00+00:00,0.0001,1636416000000
2021-11-10 00:00:00+00:00,0.0001,1636502400000
2021-11-11 00:00:00+00:00,0.0001,1636588800000
2021-11-12 00:00:00+00:00,0.0001,1636675200000
2021-11-13 00:00:00+00:00,0.0001,1636761600000
2021-11-14 00:00:00+00:00,0.0001,1636848000000
2021-11-15 00:00:00+00:00,0.0001787,1636934400000
2021-11-16 00:00:00+00:00,0.0001,1637020800000
2021-11-17 00:00:00+00:00,0.0001,1637107200000
2021-11-18 00:00:00+00:00,0.0001,1637193600000
2021-11-19 00:00:00+00:00,0.0001,1637280000000
2021-11-20 00:00:00+00:00,0.0001,1637366400000
2021-11-21 00:00:00+00:00,0.0001,1637452800000
2021-11-22 00:00:00+00:00,0.0001,1637539200000
2021-11-23 00:00:00+00:00,0.0001,1637625600000
2021-11-24 00:00:00+00:00,0.0001,1637712000000
2021-11-25 00:00:00+00:00,0.0001,1637798400000
2021-11-26 00:00:00+00:00,0.0003651,1637884800000
2021-11-27 00:00:00+00:00,0.0001,1637971200000
2021-11-28 00:00:00+00:00,0.0001,1638057600000
2021-11-29 00:00:00+00:00,0.0001,1638144000000
2021-11-30 00:00:00+00:00,0.0001,1638230400000
2021-12-01 00:00:00+00:00,0.00012901,1638316800000
2021-12-02 00:00:00+00:00,0.0001,1638403200000
2021-12-03 00:00:00+00:00,0.00011198,1638489600000
2021-12-04 00:00:00+00:00,0.0001,1638576000000
2021-12-05 00:00:00+00:00,0.0001,1638662400000
2021-12-06 00:00:00+00:00,0.0001,1638748800000
2021-12-07 00:00:00+00:00,0.0001,1638835200000
2021-12-08 00:00:00+00:00,0.0001,1638921600000
2021-12-09 00:00:00+00:00,0.0001,1639008000000
2021-12-10 00:00:00+00:00,0.0001,1639094400000
2021-12-11 00:00:00+00:00,0.0001,1639180800000
2021-12-12 00:00:00+00:00,0.0001,1639267200000
2021-12-13 00:00:00+00:00,0.0001,1639353600000
2021-12-14 00:00:00+00:00,0.0001,1639440000000
2021-12-15 00:00:00+00:00,0.0001,1639526400000
2021-12-16 00:00:00+00:00,0.0001,1639612800000
2021-12-17 00:00:00+00:00,0.0001,1639699200000
2021-12-18 00:00:00+00:00,0.0001,1639785600000
2021-12-19 00:00:00+00:00,0.0001,1639872000000
2021-12-20 00:00:00+00:00,0.0001,1639958400000
2021-12-21 00:00:00+00:00,0.0001,1640044800000
2021-12-22 00:00:00+00:00,0.0001,1640131200000
2021-12-23 00:00:00+00:00,0.0001,1640217600000
2021-12-24 00:00:00+00:00,0.0001,1640304000000
2021-12-25 00:00:00+00:00,0.0001,1640390400000
2021-12-26 00:00:00+00:00,0.0001,1640476800000
2021-12-27 00:00:00+00:00,0.0001,1640563200000
2021-12-28 00:00:00+00:00,0.0001,1640649600000
2021-12-29 00:00:00+00:00,0.0001,1640736000000
2021-12-30 00:00:00+00:00,0.0001,1640822400000
2021-12-31 00:00:00+00:00,0.0001,1640908800000
2022-01-01 00:00:00+00:00,0.0001,1640995200000
2022-01-02 00:00:00+00:00,0.0001,1641081600000
2022-01-03 00:00:00+00:00,0.0001,1641168000000
2022-01-04 00:00:00+00:00,0.0001,1641254400000
2022-01-05 00:00:00+00:00,0.0001,1641340800000
2022-01-06 00:00:00+00:00,0.0001,1641427200000
2022-01-07 00:00:00+00:00,0.0001,1641513600000
2022-01-08 00:00:00+00:00,0.0001,1641600000000
2022-01-09 00:00:00+00:00,0.0001,1641686400000
2022-01-10 00:00:00+00:00,0.0001,1641772800000
2022-01-11 00:00:00+00:00,7.044e-05,1641859200000
2022-01-12 00:00:00+00:00,7.973e-05,1641945600000
2022-01-13 00:00:00+00:00,-1.141e-05,1642032000000
2022-01-14 00:00:00+00:00,0.0001,1642118400000
2022-01-15 00:00:00+00:00,0.0001,1642204800000
2022-01-16 00:00:00+00:00,0.0001,1642291200000
2022-01-17 00:00:00+00:00,1.587e-05,1642377600000
2022-01-18 00:00:00+00:00,3.783e-05,1642464000000
2022-01-19 00:00:00+00:00,0.0001,1642550400000
2022-01-20 00:00:00+00:00,0.0001,1642636800000
2022-01-21 00:00:00+00:00,0.0001,1642723200000
2022-01-22 00:00:00+00:00,0.0001,1642809600000
2022-01-23 00:00:00+00:00,0.0001,1642896000000
2022-01-24 00:00:00+00:00,-6.785e-05,1642982400000
2022-01-25 00:00:00+00:00,3.68e-05,1643068800000
2022-01-26 00:00:00+00:00,-9.989e-05,1643155200000
2022-01-27 00:00:00+00:00,-0.00014121,1643241600000
2022-01-28 00:00:00+00:00,-3.658e-05,1643328000000
2022-01-29 00:00:00+00:00,7.247e-05,1643414400000
2022-01-30 00:00:00+00:00,-9.588e-05,1643500800000
2022-01-31 00:00:00+00:00,-9.546e-05,1643587200000
2022-02-01 00:00:00+00:00,-2.188e-05,1643673600000
2022-02-02 00:00:00+00:00,-0.00017462,1643760000000
2022-02-03 00:00:00+00:00,0.0001,1643846400000
2022-02-04 00:00:00+00:00,0.0001,1643932800000
2022-02-05 00:00:00+00:00,0.0001,1644019200000
2022-02-06 00:00:00+00:00,0.0001,1644105600000
2022-02-07 00:00:00+00:00,0.0001,1644192000000
2022-02-08 00:00:00+00:00,9.181e-05,1644278400000
2022-02-09 00:00:00+00:00,0.0001,1644364800000
2022-02-10 00:00:00+00:00,9.588e-05,1644451200000
2022-02-11 00:00:00+00:00,9.719e-05,1644537600000
2022-02-12 00:00:00+00:00,0.0001,1644624000000
2022-02-13 00:00:00+00:00,0.0001,1644710400000
2022-02-14 00:00:00+00:00,0.0001,1644796800000
2022-02-15 00:00:00+00:00,0.0001,1644883200000
2022-02-16 00:00:00+00:00,-0.00016485,1644969600000
2022-02-17 00:00:00+00:00,0.0001,1645056000000
2022-02-18 00:00:00+00:00,0.0001,1645142400000
2022-02-19 00:00:00+00:00,9.904e-05,1645228800000
2022-02-20 00:00:00+00:00,0.0001,1645315200000
2022-02-21 00:00:00+00:00,0.0001,1645401600000
2022-02-22 00:00:00+00:00,0.0001,1645488000000
2022-02-23 00:00:00+00:00,8.223e-05,1645574400000
2022-02-24 00:00:00+00:00,-0.00015335,1645660800000
2022-02-25 00:00:00+00:00,0.0001,1645747200000
2022-02-26 00:00:00+00:00,0.0001,1645833600000
2022-02-27 00:00:00+00:00,0.0001,1645920000000
2022-02-28 00:00:00+00:00,0.0001,1646006400000
2022-03-01 00:00:00+00:00,0.0001,1646092800000
2022-03-02 00:00:00+00:00,0.0001,1646179200000
2022-03-03 00:00:00+00:00,0.0001,1646265600000
2022-03-04 00:00:00+00:00,0.0001,1646352000000
2022-03-05 00:00:00+00:00,-0.00013374,1646438400000
2022-03-06 00:00:00+00:00,-2.432e-05,1646524800000
2022-03-07 00:00:00+00:00,-2.026e-05,1646611200000
2022-03-08 00:00:00+00:00,0.0001,1646697600000
2022-03-09 00:00:00+00:00,0.0001,1646784000000
2022-03-10 00:00:00+00:00,0.0001,1646870400000
2022-03-11 00:00:00+00:00,8.861e-05,1646956800000
2022-03-12 00:00:00+00:00,0.0001,1647043200000
2022-03-13 00:00:00+00:00,0.0001,1647129600000
2022-03-14 00:00:00+00:00,0.0001,1647216000000
2022-03-15 00:00:00+00:00,0.0001,1647302400000
2022-03-16 00:00:00+00:00,7.174e-05,1647388800000
2022-03-17 00:00:00+00:00,7.833e-05,1647475200000
2022-03-18 00:00:00+00:00,2.88e-05,1647561600000
2022-03-19 00:00:00+00:00,-0.00019522,1647648000000
2022-03-20 00:00:00+00:00,7.574e-05,1647734400000
2022-03-21 00:00:00+00:00,0.0001,1647820800000
2022-03-22 00:00:00+00:00,1.366e-05,1647907200000
2022-03-23 00:00:00+00:00,0.0001,1647993600000
2022-03-24 00:00:00+00:00,-0.00010815,1648080000000
2022-03-25 00:00:00+00:00,0.0001,1648166400000
2022-03-26 00:00:00+00:00,0.0001,1648252800000
2022-03-27 00:00:00+00:00,0.0001,1648339200000
2022-03-28 00:00:00+00:00,2.7e-06,1648425600000
2022-03-29 00:00:00+00:00,0.0001,1648512000000
2022-03-30 00:00:00+00:00,5.825e-05,1648598400000
2022-03-31 00:00:00+00:00,0.0001,1648684800000
2022-04-01 00:00:00+00:00,0.0001,1648771200000
2022-04-02 00:00:00+00:00,0.0001,1648857600000
2022-04-03 00:00:00+00:00,0.0001,1648944000000
2022-04-04 00:00:00+00:00,0.0001,1649030400000
2022-04-05 00:00:00+00:00,0.0001,1649116800000
2022-04-06 00:00:00+00:00,0.0001,1649203200000
2022-04-07 00:00:00+00:00,0.0001,1649289600000
2022-04-08 00:00:00+00:00,0.0001,1649376000000
2022-04-09 00:00:00+00:00,0.0001,1649462400000
2022-04-10 00:00:00+00:00,0.0001,1649548800000
2022-04-11 00:00:00+00:00,0.0001,1649635200000
2022-04-12 00:00:00+00:00,0.0001,1649721600000
2022-04-13 00:00:00+00:00,-0.00011606,1649808000000
2022-04-14 00:00:00+00:00,0.0001,1649894400000
2022-04-15 00:00:00+00:00,8.332e-05,1649980800000
2022-04-16 00:00:00+00:00,1.9e-07,1650067200000
2022-04-17 00:00:00+00:00,9.501e-05,1650153600000
2022-04-18 00:00:00+00:00,2.015e-05,1650240000000
2022-04-19 00:00:00+00:00,2.639e-05,1650326400000
2022-04-20 00:00:00+00:00,1.108e-05,1650412800000
2022-04-21 00:00:00+00:00,9.603e-05,1650499200000
2022-04-22 00:00:00+00:00,0.0001,1650585600000
2022-04-23 00:00:00+00:00,-2.008e-05,1650672000000
2022-04-24 00:00:00+00:00,7.73e-05,1650758400000
2022-04-25 00:00:00+00:00,-1.578e-05,1650844800000
2022-04-26 00:00:00+00:00,-0.00016636,1650931200000
2022-04-27 00:00:00+00:00,0.0001,1651017600000
2022-04-28 00:00:00+00:00,0.0001,1651104000000
2022-04-29 00:00:00+00:00,0.0001,1651190400000
2022-04-30 00:00:00+00:00,0.0001,1651276800000
2022-05-01 00:00:00+00:00,-0.00012793,1651363200000
2022-05-02 00:00:00+00:00,-0.00013576,1651449600000
2022-05-03 00:00:00+00:00,5.79e-05,1651536000000
2022-05-04 00:00:00+00:00,0.0001,1651622400000
2022-05-05 00:00:00+00:00,0.0001,1651708800000
2022-05-06 00:00:00+00:00,0.0001,1651795200000
2022-05-07 00:00:00+00:00,0.0001,1651881600000
2022-05-08 00:00:00+00:00,0.0001,1651968000000
2022-05-09 00:00:00+00:00,0.0001,1652054400000
2022-05-10 00:00:00+00:00,0.0001,1652140800000
2022-05-11 00:00:00+00:00,0.0001,1652227200000
2022-05-12 00:00:00+00:00,0.0001,1652313600000
2022-05-13 00:00:00+00:00,-0.00021316,1652400000000
2022-05-14 00:00:00+00:00,0.0001,1652486400000
2022-05-15 00:00:00+00:00,0.0001,1652572800000
2022-05-16 00:00:00+00:00,0.0001,1652659200000
2022-05-17 00:00:00+00:00,0.0001,1652745600000
2022-05-18 00:00:00+00:00,0.0001,1652832000000
2022-05-19 00:00:00+00:00,-3.401e-05,1652918400000
2022-05-20 00:00:00+00:00,8.54e-05,1653004800000
2022-05-21 00:00:00+00:00,0.0001,1653091200000
2022-05-22 00:00:00+00:00,2.932e-05,1653177600000
2022-05-23 00:00:00+00:00,0.0001,1653264000000
2022-05-24 00:00:00+00:00,0.0001,1653350400000
2022-05-25 00:00:00+00:00,3.143e-05,1653436800000
2022-05-26 00:00:00+00:00,0.0001,1653523200000
2022-05-27 00:00:00+00:00,-8.8e-06,1653609600000
2022-05-28 00:00:00+00:00,0.0001,1653696000000
2022-05-29 00:00:00+00:00,0.0001,1653782400000
2022-05-30 00:00:00+00:00,7.281e-05,1653868800000
2022-05-31 00:00:00+00:00,0.0001,1653955200000
2022-06-01 00:00:00+00:00,0.0001,1654041600000
2022-06-02 00:00:00+00:00,0.0001,1654128000000
2022-06-03 00:00:00+00:00,8.391e-05,1654214400000
2022-06-04 00:00:00+00:00,0.0001,1654300800000
2022-06-05 00:00:00+00:00,0.0001,1654387200000
2022-06-06 00:00:00+00:00,0.0001,1654473600000
2022-06-07 00:00:00+00:00,6.952e-05,1654560000000
2022-06-08 00:00:00+00:00,8.068e-05,1654646400000
2022-06-09 00:00:00+00:00,0.0001,1654732800000
2022-06-10 00:00:00+00:00,0.0001,1654819200000
2022-06-11 00:00:00+00:00,-2.983e-05,1654905600000
2022-06-12 00:00:00+00:00,-2.19e-05,1654992000000
2022-06-13 00:00:00+00:00,5.612e-05,1655078400000
2022-06-14 00:00:00+00:00,0.0001,1655164800000
2022-06-15 00:00:00+00:00,0.0001,1655251200000
2022-06-16 00:00:00+00:00,3.321e-05,1655337600000
2022-06-17 00:00:00+00:00,-4.15e-06,1655424000000
2022-06-18 00:00:00+00:00,-2.069e-05,1655510400000
2022-06-19 00:00:00+00:00,-0.00014613,1655596800000
2022-06-20 00:00:00+00:00,6.291e-05,1655683200000
2022-06-21 00:00:00+00:00,0.0001,1655769600000
2022-06-22 00:00:00+00:00,8.147e-05,1655856000000
2022-06-23 00:00:00+00:00,1.172e-05,1655942400000
2022-06-24 00:00:00+00:00,5.248e-05,1656028800000
2022-06-25 00:00:00+00:00,3.978e-05,1656115200000
2022-06-26 00:00:00+00:00,-7.988e-05,1656201600000
2022-06-27 00:00:00+00:00,-0.00012584,1656288000000
2022-06-28 00:00:00+00:00,3.96e-05,1656374400000
2022-06-29 00:00:00+00:00,6.398e-05,1656460800000
2022-06-30 00:00:00+00:00,9.238e-05,1656547200000
2022-07-01 00:00:00+00:00,-0.00023122,1656633600000
2022-07-02 00:00:00+00:00,-9.79e-06,1656720000000
2022-07-03 00:00:00+00:00,9.54e-06,1656806400000
2022-07-04 00:00:00+00:00,-0.00027052,1656892800000
2022-07-05 00:00:00+00:00,4.13e-06,1656979200000
2022-07-06 00:00:00+00:00,-4.54e-05,1657065600000
2022-07-07 00:00:00+00:00,0.0001,1657152000000
2022-07-08 00:00:00+00:00,0.0001,1657238400000
2022-07-09 00:00:00+00:00,0.0001,1657324800000
2022-07-10 00:00:00+00:00,0.0001,1657411200000
2022-07-11 00:00:00+00:00,6.545e-05,1657497600000
2022-07-12 00:00:00+00:00,0.0001,1657584000000
2022-07-13 00:00:00+00:00,-0.0001107,1657670400000
2022-07-14 00:00:00+00:00,-6.481e-05,1657756800000
2022-07-15 00:00:00+00:00,0.0001,1657843200000
2022-07-16 00:00:00+00:00,-4.383e-05,1657929600000
2022-07-17 00:00:00+00:00,0.0001,1658016000000
2022-07-18 00:00:00+00:00,3.73e-05,1658102400000
2022-07-19 00:00:00+00:00,5.682e-05,1658188800000
2022-07-20 00:00:00+00:00,0.0001,1658275200000
2022-07-21 00:00:00+00:00,0.0001,1658361600000
2022-07-22 00:00:00+00:00,0.0001,1658448000000
2022-07-23 00:00:00+00:00,0.0001,1658534400000
2022-07-24 00:00:00+00:00,0.0001,1658620800000
2022-07-25 00:00:00+00:00,0.0001,1658707200000
2022-07-26 00:00:00+00:00,0.0001,1658793600000
2022-07-27 00:00:00+00:00,3.821e-05,1658880000000
2022-07-28 00:00:00+00:00,5.83e-06,1658966400000
2022-07-29 00:00:00+00:00,0.0001,1659052800000
2022-07-30 00:00:00+00:00,0.0001,1659139200000
2022-07-31 00:00:00+00:00,6.426e-05,1659225600000
2022-08-01 00:00:00+00:00,0.0001,1659312000000
2022-08-02 00:00:00+00:00,0.0001,1659398400000
2022-08-03 00:00:00+00:00,-5.61e-06,1659484800000
2022-08-04 00:00:00+00:00,6.919e-05,1659571200000
2022-08-05 00:00:00+00:00,-3.429e-05,1659657600000
2022-08-06 00:00:00+00:00,8.938e-05,1659744000000
2022-08-07 00:00:00+00:00,1.077e-05,1659830400000
2022-08-08 00:00:00+00:00,6.047e-05,1659916800000
2022-08-09 00:00:00+00:00,0.0001,1660003200000
2022-08-10 00:00:00+00:00,0.0001,1660089600000
2022-08-11 00:00:00+00:00,0.0001,1660176000000
2022-08-12 00:00:00+00:00,0.0001,1660262400000
2022-08-13 00:00:00+00:00,0.0001,1660348800000
2022-08-14 00:00:00+00:00,0.0001,1660435200000
2022-08-15 00:00:00+00:00,0.0001,1660521600000
2022-08-16 00:00:00+00:00,0.0001,1660608000000
2022-08-17 00:00:00+00:00,0.0001,1660694400000
2022-08-18 00:00:00+00:00,0.0001,1660780800000
2022-08-19 00:00:00+00:00,-5.88e-05,1660867200000
2022-08-20 00:00:00+00:00,7.348e-05,1660953600000
2022-08-21 00:00:00+00:00,-1.3e-06,1661040000000
2022-08-22 00:00:00+00:00,-8.618e-05,1661126400000
2022-08-23 00:00:00+00:00,-1.255e-05,1661212800000
2022-08-24 00:00:00+00:00,-0.00025069,1661299200000
2022-08-25 00:00:00+00:00,-0.0001011,1661385600000
2022-08-26 00:00:00+00:00,-8.261e-05,1661472000000
2022-08-27 00:00:00+00:00,-3.206e-05,1661558400000
2022-08-28 00:00:00+00:00,-0.00022757,1661644800000
2022-08-29 00:00:00+00:00,-5.717e-05,1661731200000
2022-08-30 00:00:00+00:00,-0.00023703,1661817600000
2022-08-31 00:00:00+00:00,-6.389e-05,1661904000000
2022-09-01 00:00:00+00:00,-4.994e-05,1661990400000
2022-09-02 00:00:00+00:00,1.018e-05,1662076800000
2022-09-03 00:00:00+00:00,-8.589e-05,1662163200000
2022-09-04 00:00:00+00:00,-5.879e-05,1662249600000
2022-09-05 00:00:00+00:00,5.118e-05,1662336000000
2022-09-06 00:00:00+00:00,-9.23e-05,1662422400000
2022-09-07 00:00:00+00:00,-8.015e-05,1662508800000
2022-09-08 00:00:00+00:00,-0.00011824,1662595200000
2022-09-09 00:00:00+00:00,-8.94e-06,1662681600000
2022-09-10 00:00:00+00:00,-5.178e-05,1662768000000
2022-09-11 00:00:00+00:00,-0.00015809,1662854400000
2022-09-12 00:00:00+00:00,-0.00030344,1662940800000
2022-09-13 00:00:00+00:00,-0.00024144,1663027200000
2022-09-14 00:00:00+00:00,-0.001032,1663113600000
2022-09-15 00:00:00+00:00,-0.00272911,1663200000000
2022-09-16 00:00:00+00:00,6.01e-05,1663286400000
2022-09-17 00:00:00+00:00,0.0001,1663372800000
2022-09-18 00:00:00+00:00,5.312e-05,1663459200000
2022-09-19 00:00:00+00:00,-9.92e-06,1663545600000
2022-09-20 00:00:00+00:00,-1.745e-05,1663632000000
2022-09-21 00:00:00+00:00,2.892e-05,1663718400000
2022-09-22 00:00:00+00:00,-2.008e-05,1663804800000
2022-09-23 00:00:00+00:00,-1.7e-06,1663891200000
2022-09-24 00:00:00+00:00,1.73e-05,1663977600000
2022-09-25 00:00:00+00:00,-1.459e-05,1664064000000
2022-09-26 00:00:00+00:00,-2.466e-05,1664150400000
2022-09-27 00:00:00+00:00,4.411e-05,1664236800000
2022-09-28 00:00:00+00:00,-4.38e-06,1664323200000
2022-09-29 00:00:00+00:00,1.894e-05,1664409600000
2022-09-30 00:00:00+00:00,-2.473e-05,1664496000000
2022-10-01 00:00:00+00:00,0.0001,1664582400000
2022-10-02 00:00:00+00:00,4.982e-05,1664668800000
2022-10-03 00:00:00+00:00,8.631e-05,1664755200000
2022-10-04 00:00:00+00:00,8.847e-05,1664841600000
2022-10-05 00:00:00+00:00,-3.064e-05,1664928000000
2022-10-06 00:00:00+00:00,-4.25e-06,1665014400000
2022-10-07 00:00:00+00:00,5.053e-05,1665100800000
2022-10-08 00:00:00+00:00,0.0001,1665187200000
2022-10-09 00:00:00+00:00,0.0001,1665273600000
2022-10-10 00:00:00+00:00,4.115e-05,1665360000000
2022-10-11 00:00:00+00:00,0.0001,1665446400000
2022-10-12 00:00:00+00:00,0.0001,1665532800000
2022-10-13 00:00:00+00:00,2.337e-05,1665619200000
2022-10-14 00:00:00+00:00,1.52e-05,1665705600000
2022-10-15 00:00:00+00:00,9.6e-05,1665792000000
2022-10-16 00:00:00+00:00,5.53e-05,1665878400000
2022-10-17 00:00:00+00:00,1.948e-05,1665964800000
2022-10-18 00:00:00+00:00,-2.737e-05,1666051200000
2022-10-19 00:00:00+00:00,3.858e-05,1666137600000
2022-10-20 00:00:00+00:00,8.938e-05,1666224000000
2022-10-21 00:00:00+00:00,1.904e-05,1666310400000
2022-10-22 00:00:00+00:00,-3.833e-05,1666396800000
2022-10-23 00:00:00+00:00,-8.993e-05,1666483200000
2022-10-24 00:00:00+00:00,-5.396e-05,1666569600000
2022-10-25 00:00:00+00:00,-4.538e-05,1666656000000
2022-10-26 00:00:00+00:00,2.088e-05,1666742400000
2022-10-27 00:00:00+00:00,2.216e-05,1666828800000
2022-10-28 00:00:00+00:00,-2.651e-05,1666915200000
2022-10-29 00:00:00+00:00,2.318e-05,1667001600000
2022-10-30 00:00:00+00:00,3.72e-05,1667088000000
2022-10-31 00:00:00+00:00,2.963e-05,1667174400000
2022-11-01 00:00:00+00:00,-3.22e-05,1667260800000
2022-11-02 00:00:00+00:00,4.899e-05,1667347200000
2022-11-03 00:00:00+00:00,-3.361e-05,1667433600000
2022-11-04 00:00:00+00:00,1.648e-05,1667520000000
2022-11-05 00:00:00+00:00,3.681e-05,1667606400000
2022-11-06 00:00:00+00:00,5.185e-05,1667692800000
2022-11-07 00:00:00+00:00,7.863e-05,1667779200000
2022-11-08 00:00:00+00:00,-5.709e-05,1667865600000
2022-11-09 00:00:00+00:00,-0.00021881,1667952000000
2022-11-10 00:00:00+00:00,-0.00031722,1668038400000
2022-11-11 00:00:00+00:00,-0.00021234,1668124800000
2022-11-12 00:00:00+00:00,0.0001,1668211200000
2022-11-13 00:00:00+00:00,7.025e-05,1668297600000
2022-11-14 00:00:00+00:00,0.0001,1668384000000
2022-11-15 00:00:00+00:00,0.0001,1668470400000
2022-11-16 00:00:00+00:00,1.295e-05,1668556800000
2022-11-17 00:00:00+00:00,0.0001,1668643200000
2022-11-18 00:00:00+00:00,0.0001,1668729600000
2022-11-19 00:00:00+00:00,0.0001,1668816000000
2022-11-20 00:00:00+00:00,2.62e-05,1668902400000
2022-11-21 00:00:00+00:00,0.0001,1668988800000
2022-11-22 00:00:00+00:00,0.0001,1669075200000
2022-11-23 00:00:00+00:00,-1.693e-05,1669161600000
2022-11-24 00:00:00+00:00,-0.00020159,1669248000000
2022-11-25 00:00:00+00:00,-0.00018522,1669334400000
2022-11-26 00:00:00+00:00,-0.00026946,1669420800000
2022-11-27 00:00:00+00:00,-0.00015234,1669507200000
2022-11-28 00:00:00+00:00,-8.098e-05,1669593600000
2022-11-29 00:00:00+00:00,2.05e-06,1669680000000
2022-11-30 00:00:00+00:00,3.27e-06,1669766400000
2022-12-01 00:00:00+00:00,-0.00013059,1669852800000
2022-12-02 00:00:00+00:00,7.508e-05,1669939200000
2022-12-03 00:00:00+00:00,-3.338e-05,1670025600000
2022-12-04 00:00:00+00:00,0.0001,1670112000000
2022-12-05 00:00:00+00:00,0.0001,1670198400000
2022-12-06 00:00:00+00:00,7.584e-05,1670284800000
2022-12-07 00:00:00+00:00,5.709e-05,1670371200000
2022-12-08 00:00:00+00:00,0.0001,1670457600000
2022-12-09 00:00:00+00:00,8.91e-05,1670544000000
2022-12-10 00:00:00+00:00,-8.292e-05,1670630400000
2022-12-11 00:00:00+00:00,-7.929e-05,1670716800000
2022-12-12 00:00:00+00:00,-1.068e-05,1670803200000
2022-12-13 00:00:00+00:00,-7.753e-05,1670889600000
2022-12-14 00:00:00+00:00,0.0001,1670976000000
2022-12-15 00:00:00+00:00,8.107e-05,1671062400000
2022-12-16 00:00:00+00:00,0.0001,1671148800000
2022-12-17 00:00:00+00:00,0.0001,1671235200000
2022-12-18 00:00:00+00:00,0.0001,1671321600000
2022-12-19 00:00:00+00:00,-1.033e-05,1671408000000
2022-12-20 00:00:00+00:00,0.0001,1671494400000
2022-12-21 00:00:00+00:00,1.533e-05,1671580800000
2022-12-22 00:00:00+00:00,0.0001,1671667200000
2022-12-23 00:00:00+00:00,0.0001,1671753600000
2022-12-24 00:00:00+00:00,0.0001,1671840000000
2022-12-25 00:00:00+00:00,6.932e-05,1671926400000
2022-12-26 00:00:00+00:00,0.0001,1672012800000
2022-12-27 00:00:00+00:00,3.605e-05,1672099200000
2022-12-28 00:00:00+00:00,0.0001,1672185600000
2022-12-29 00:00:00+00:00,0.0001,1672272000000
2022-12-30 00:00:00+00:00,0.0001,1672358400000
2022-12-31 00:00:00+00:00,0.0001,1672444800000
2023-01-01 00:00:00+00:00,0.0001,1672531200000
2023-01-02 00:00:00+00:00,0.0001,1672617600000
2023-01-03 00:00:00+00:00,0.0001,1672704000000
2023-01-04 00:00:00+00:00,0.0001,1672790400000
2023-01-05 00:00:00+00:00,7.918e-05,1672876800000
2023-01-06 00:00:00+00:00,0.0001,1672963200000
2023-01-07 00:00:00+00:00,-0.00015853,1673049600000
2023-01-08 00:00:00+00:00,-0.00012766,1673136000000
2023-01-09 00:00:00+00:00,-0.00037607,1673222400000
2023-01-10 00:00:00+00:00,4.535e-05,1673308800000
2023-01-11 00:00:00+00:00,-0.00021032,1673395200000
2023-01-12 00:00:00+00:00,-0.00025957,1673481600000
2023-01-13 00:00:00+00:00,-0.00019594,1673568000000
2023-01-14 00:00:00+00:00,-7.861e-05,1673654400000
2023-01-15 00:00:00+00:00,0.0001,1673740800000
2023-01-16 00:00:00+00:00,0.0001,1673827200000
2023-01-17 00:00:00+00:00,0.0001,1673913600000
2023-01-18 00:00:00+00:00,0.0001,1674000000000
2023-01-19 00:00:00+00:00,0.0001,1674086400000
2023-01-20 00:00:00+00:00,0.0001,1674172800000
2023-01-21 00:00:00+00:00,0.0001,1674259200000
2023-01-22 00:00:00+00:00,0.0001,1674345600000
2023-01-23 00:00:00+00:00,0.0001,1674432000000
2023-01-24 00:00:00+00:00,0.0001,1674518400000
2023-01-25 00:00:00+00:00,0.0001,1674604800000
2023-01-26 00:00:00+00:00,0.0001,1674691200000
2023-01-27 00:00:00+00:00,0.0001,1674777600000
2023-01-28 00:00:00+00:00,0.0001,1674864000000
2023-01-29 00:00:00+00:00,0.0001,1674950400000
2023-01-30 00:00:00+00:00,0.0001,1675036800000
2023-01-31 00:00:00+00:00,0.0001,1675123200000
2023-02-01 00:00:00+00:00,0.0001,1675209600000
2023-02-02 00:00:00+00:00,0.0001,1675296000000
2023-02-03 00:00:00+00:00,0.0001,1675382400000
2023-02-04 00:00:00+00:00,0.0001,1675468800000
2023-02-05 00:00:00+00:00,0.0001,1675555200000
2023-02-06 00:00:00+00:00,0.0001,1675641600000
2023-02-07 00:00:00+00:00,0.0001,1675728000000
2023-02-08 00:00:00+00:00,0.0001,1675814400000
2023-02-09 00:00:00+00:00,0.0001,1675900800000
2023-02-10 00:00:00+00:00,0.0001,1675987200000
2023-02-11 00:00:00+00:00,0.0001,1676073600000
2023-02-12 00:00:00+00:00,0.0001,1676160000000
2023-02-13 00:00:00+00:00,8.154e-05,1676246400000
2023-02-14 00:00:00+00:00,0.0001,1676332800000
2023-02-15 00:00:00+00:00,6.426e-05,1676419200000
2023-02-16 00:00:00+00:00,0.0001,1676505600000
2023-02-17 00:00:00+00:00,0.0001,1676592000000
2023-02-18 00:00:00+00:00,0.0001,1676678400000
2023-02-19 00:00:00+00:00,0.0001,1676764800000
2023-02-20 00:00:00+00:00,0.0001,1676851200000
2023-02-21 00:00:00+00:00,0.0001,1676937600000
2023-02-22 00:00:00+00:00,0.0001,1677024000000
2023-02-23 00:00:00+00:00,0.0001,1677110400000
2023-02-24 00:00:00+00:00,0.0001,1677196800000
2023-02-25 00:00:00+00:00,0.0001,1677283200000
2023-02-26 00:00:00+00:00,0.0001,1677369600000
2023-02-27 00:00:00+00:00,0.0001,1677456000000
2023-02-28 00:00:00+00:00,0.0001,1677542400000
2023-03-01 00:00:00+00:00,0.0001,1677628800000
2023-03-02 00:00:00+00:00,0.0001,1677715200000
2023-03-03 00:00:00+00:00,0.0001,1677801600000
2023-03-04 00:00:00+00:00,0.0001,1677888000000
2023-03-05 00:00:00+00:00,4.868e-05,1677974400000
2023-03-06 00:00:00+00:00,0.0001,1678060800000
2023-03-07 00:00:00+00:00,9.418e-05,1678147200000
2023-03-08 00:00:00+00:00,0.0001,1678233600000
2023-03-09 00:00:00+00:00,0.0001,1678320000000
2023-03-10 00:00:00+00:00,0.0001,1678406400000
2023-03-11 00:00:00+00:00,8.88e-05,1678492800000
2023-03-12 00:00:00+00:00,0.0001,1678579200000
2023-03-13 00:00:00+00:00,9.967e-05,1678665600000
2023-03-14 00:00:00+00:00,0.0001,1678752000000
2023-03-15 00:00:00+00:00,0.0001,1678838400000
2023-03-16 00:00:00+00:00,0.0001,1678924800000
2023-03-17 00:00:00+00:00,0.0001,1679011200000
2023-03-18 00:00:00+00:00,0.0001,1679097600000
2023-03-19 00:00:00+00:00,0.0001,1679184000000
2023-03-20 00:00:00+00:00,0.0001,1679270400000
2023-03-21 00:00:00+00:00,6.722e-05,1679356800000
2023-03-22 00:00:00+00:00,8.684e-05,1679443200000
2023-03-23 00:00:00+00:00,-9.726e-05,1679529600000
2023-03-24 00:00:00+00:00,0.0001,1679616000000
2023-03-25 00:00:00+00:00,3.622e-05,1679702400000
2023-03-26 00:00:00+00:00,4.484e-05,1679788800000
2023-03-27 00:00:00+00:00,5.691e-05,1679875200000
2023-03-28 00:00:00+00:00,-8.053e-05,1679961600000
2023-03-29 00:00:00+00:00,6.935e-05,1680048000000
2023-03-30 00:00:00+00:00,0.0001,1680134400000
2023-03-31 00:00:00+00:00,5.117e-05,1680220800000
2023-04-01 00:00:00+00:00,0.0001,1680307200000
2023-04-02 00:00:00+00:00,1.334e-05,1680393600000
2023-04-03 00:00:00+00:00,1.934e-05,1680480000000
2023-04-04 00:00:00+00:00,-5.67e-06,1680566400000
2023-04-05 00:00:00+00:00,1.359e-05,1680652800000
2023-04-06 00:00:00+00:00,2.068e-05,1680739200000
2023-04-07 00:00:00+00:00,-3.01e-06,1680825600000
2023-04-08 00:00:00+00:00,5.208e-05,1680912000000
2023-04-09 00:00:00+00:00,4.08e-06,1680998400000
2023-04-10 00:00:00+00:00,1.637e-05,1681084800000
2023-04-11 00:00:00+00:00,0.0001,1681171200000
2023-04-12 00:00:00+00:00,0.0001,1681257600000
2023-04-13 00:00:00+00:00,0.0001,1681344000000
2023-04-14 00:00:00+00:00,0.0001,1681430400000
2023-04-15 00:00:00+00:00,0.0001,1681516800000
2023-04-16 00:00:00+00:00,0.0001,1681603200000
2023-04-17 00:00:00+00:00,0.0001,1681689600000
2023-04-18 00:00:00+00:00,0.0001,1681776000000
2023-04-19 00:00:00+00:00,0.0001,1681862400000
2023-04-20 00:00:00+00:00,0.0001,1681948800000
2023-04-21 00:00:00+00:00,0.0001,1682035200000
2023-04-22 00:00:00+00:00,0.0001,1682121600000
2023-04-23 00:00:00+00:00,7.298e-05,1682208000000
2023-04-24 00:00:00+00:00,0.0001,1682294400000
2023-04-25 00:00:00+00:00,0.0001,1682380800000
2023-04-26 00:00:00+00:00,7.178e-05,1682467200000
2023-04-27 00:00:00+00:00,0.0001,1682553600000
2023-04-28 00:00:00+00:00,0.0001,1682640000000
2023-04-29 00:00:00+00:00,0.0001,1682726400000
2023-04-30 00:00:00+00:00,7.751e-05,1682812800000
2023-05-01 00:00:00+00:00,1.825e-05,1682899200000
2023-05-02 00:00:00+00:00,9.824e-05,1682985600000
2023-05-03 00:00:00+00:00,0.0001,1683072000000
2023-05-04 00:00:00+00:00,0.0001,1683158400000
2023-05-05 00:00:00+00:00,0.0001,1683244800000
2023-05-06 00:00:00+00:00,0.0001,1683331200000
2023-05-07 00:00:00+00:00,4.472e-05,1683417600000
2023-05-08 00:00:00+00:00,9.141e-05,1683504000000
2023-05-09 00:00:00+00:00,0.0001,1683590400000
2023-05-10 00:00:00+00:00,9.423e-05,1683676800000
2023-05-11 00:00:00+00:00,4.338e-05,1683763200000
2023-05-12 00:00:00+00:00,9.766e-05,1683849600000
2023-05-13 00:00:00+00:00,0.0001,1683936000000
2023-05-14 00:00:00+00:00,7.959e-05,1684022400000
2023-05-15 00:00:00+00:00,-1.617e-05,1684108800000
2023-05-16 00:00:00+00:00,-5.484e-05,1684195200000
2023-05-17 00:00:00+00:00,0.0001,1684281600000
2023-05-18 00:00:00+00:00,6.175e-05,1684368000000
2023-05-19 00:00:00+00:00,9.604e-05,1684454400000
2023-05-20 00:00:00+00:00,0.0001,1684540800000
2023-05-21 00:00:00+00:00,5.855e-05,1684627200000
2023-05-22 00:00:00+00:00,0.0001,1684713600000
2023-05-23 00:00:00+00:00,1.259e-05,1684800000000
2023-05-24 00:00:00+00:00,0.0001,1684886400000
2023-05-25 00:00:00+00:00,3.85e-05,1684972800000
2023-05-26 00:00:00+00:00,5.262e-05,1685059200000
2023-05-27 00:00:00+00:00,-2.858e-05,1685145600000
2023-05-28 00:00:00+00:00,-3.635e-05,1685232000000
2023-05-29 00:00:00+00:00,5.63e-05,1685318400000
2023-05-30 00:00:00+00:00,0.0001,1685404800000
2023-05-31 00:00:00+00:00,9.768e-05,1685491200000
2023-06-01 00:00:00+00:00,7.948e-05,1685577600000
2023-06-02 00:00:00+00:00,7.218e-05,1685664000000
2023-06-03 00:00:00+00:00,0.0001,1685750400000
2023-06-04 00:00:00+00:00,5.534e-05,1685836800000
2023-06-05 00:00:00+00:00,0.0001,1685923200000
2023-06-06 00:00:00+00:00,0.0001,1686009600000
2023-06-07 00:00:00+00:00,0.0001,1686096000000
2023-06-08 00:00:00+00:00,8.82e-05,1686182400000
2023-06-09 00:00:00+00:00,0.0001,1686268800000
2023-06-10 00:00:00+00:00,6.062e-05,1686355200000
2023-06-11 00:00:00+00:00,0.0001,1686441600000
2023-06-12 00:00:00+00:00,2.049e-05,1686528000000
2023-06-13 00:00:00+00:00,0.0001,1686614400000
2023-06-14 00:00:00+00:00,9.582e-05,1686700800000
2023-06-15 00:00:00+00:00,-4.77e-06,1686787200000
2023-06-16 00:00:00+00:00,0.0001,1686873600000
2023-06-17 00:00:00+00:00,0.0001,1686960000000
2023-06-18 00:00:00+00:00,9.041e-05,1687046400000
2023-06-19 00:00:00+00:00,0.0001,1687132800000
2023-06-20 00:00:00+00:00,4.409e-05,1687219200000
2023-06-21 00:00:00+00:00,0.0001,1687305600000
2023-06-22 00:00:00+00:00,9.749e-05,1687392000000
2023-06-23 00:00:00+00:00,0.0001,1687478400000
2023-06-24 00:00:00+00:00,7.822e-05,1687564800000
2023-06-25 00:00:00+00:00,1.701e-05,1687651200000
2023-06-26 00:00:00+00:00,5.201e-05,1687737600000
2023-06-27 00:00:00+00:00,-3.511e-05,1687824000000
2023-06-28 00:00:00+00:00,0.0001,1687910400000
2023-06-29 00:00:00+00:00,7.139e-05,1687996800000
2023-06-30 00:00:00+00:00,0.0001,1688083200000
2023-07-01 00:00:00+00:00,0.0001,1688169600000
2023-07-02 00:00:00+00:00,0.0001,1688256000000
2023-07-03 00:00:00+00:00,0.0001,1688342400000
2023-07-04 00:00:00+00:00,0.0001,1688428800000
2023-07-05 00:00:00+00:00,0.0001,1688515200000
2023-07-06 00:00:00+00:00,0.0001,1688601600000
2023-07-07 00:00:00+00:00,6.304e-05,1688688000000
2023-07-08 00:00:00+00:00,0.0001,1688774400000
2023-07-09 00:00:00+00:00,0.0001,1688860800000
2023-07-10 00:00:00+00:00,9.847e-05,1688947200000
2023-07-11 00:00:00+00:00,6.581e-05,1689033600000
2023-07-12 00:00:00+00:00,6.719e-05,1689120000000
2023-07-13 00:00:00+00:00,-2.37e-05,1689206400000
2023-07-14 00:00:00+00:00,0.0001,1689292800000
2023-07-15 00:00:00+00:00,8.801e-05,1689379200000
2023-07-16 00:00:00+00:00,7.564e-05,1689465600000
2023-07-17 00:00:00+00:00,0.0001,1689552000000
2023-07-18 00:00:00+00:00,6.575e-05,1689638400000
2023-07-19 00:00:00+00:00,9.895e-05,1689724800000
2023-07-20 00:00:00+00:00,9.31e-06,1689811200000
2023-07-21 00:00:00+00:00,4.711e-05,1689897600000
2023-07-22 00:00:00+00:00,8.674e-05,1689984000000
2023-07-23 00:00:00+00:00,7.265e-05,1690070400000
2023-07-24 00:00:00+00:00,1.548e-05,1690156800000
2023-07-25 00:00:00+00:00,1.125e-05,1690243200000
2023-07-26 00:00:00+00:00,5.474e-05,1690329600000
2023-07-27 00:00:00+00:00,3.013e-05,1690416000000
2023-07-28 00:00:00+00:00,-3.206e-05,1690502400000
2023-07-29 00:00:00+00:00,0.0001,1690588800000
2023-07-30 00:00:00+00:00,8.949e-05,1690675200000
2023-07-31 00:00:00+00:00,-6.447e-05,1690761600000
2023-08-01 00:00:00+00:00,5.144e-05,1690848000000
2023-08-02 00:00:00+00:00,0.0001,1690934400000
2023-08-03 00:00:00+00:00,0.0001,1691020800000
2023-08-04 00:00:00+00:00,0.0001,1691107200000
2023-08-05 00:00:00+00:00,0.0001,1691193600000
2023-08-06 00:00:00+00:00,0.0001,1691280000000
2023-08-07 00:00:00+00:00,0.0001,1691366400000
2023-08-08 00:00:00+00:00,0.0001,1691452800000
2023-08-09 00:00:00+00:00,7.857e-05,1691539200000
2023-08-10 00:00:00+00:00,9.465e-05,1691625600000
2023-08-11 00:00:00+00:00,4.349e-05,1691712000000
2023-08-12 00:00:00+00:00,0.0001,1691798400000
2023-08-13 00:00:00+00:00,0.0001,1691884800000
2023-08-14 00:00:00+00:00,0.0001,1691971200000
2023-08-15 00:00:00+00:00,0.0001,1692057600000
2023-08-16 00:00:00+00:00,0.0001,1692144000000
2023-08-17 00:00:00+00:00,0.0001,1692230400000
2023-08-18 00:00:00+00:00,-1.461e-05,1692316800000
2023-08-19 00:00:00+00:00,-4.31e-05,1692403200000
2023-08-20 00:00:00+00:00,-6e-07,1692489600000
2023-08-21 00:00:00+00:00,3.492e-05,1692576000000
2023-08-22 00:00:00+00:00,5.092e-05,1692662400000
2023-08-23 00:00:00+00:00,-1.05e-06,1692748800000
2023-08-24 00:00:00+00:00,-1.113e-05,1692835200000
2023-08-25 00:00:00+00:00,-1.772e-05,1692921600000
2023-08-26 00:00:00+00:00,2.163e-05,1693008000000
2023-08-27 00:00:00+00:00,3.137e-05,1693094400000
2023-08-28 00:00:00+00:00,1.812e-05,1693180800000
2023-08-29 00:00:00+00:00,5.744e-05,1693267200000
2023-08-30 00:00:00+00:00,2.102e-05,1693353600000
2023-08-31 00:00:00+00:00,-1.337e-05,1693440000000
2023-09-01 00:00:00+00:00,9.72e-06,1693526400000
2023-09-02 00:00:00+00:00,-1.337e-05,1693612800000
2023-09-03 00:00:00+00:00,4.389e-05,1693699200000
2023-09-04 00:00:00+00:00,1.787e-05,1693785600000
2023-09-05 00:00:00+00:00,4.792e-05,1693872000000
2023-09-06 00:00:00+00:00,-9.28e-06,1693958400000
2023-09-07 00:00:00+00:00,0.0001,1694044800000
2023-09-08 00:00:00+00:00,8.537e-05,1694131200000
2023-09-09 00:00:00+00:00,2.342e-05,1694217600000
2023-09-10 00:00:00+00:00,3.764e-05,1694304000000
2023-09-11 00:00:00+00:00,4.124e-05,1694390400000
2023-09-12 00:00:00+00:00,-5.201e-05,1694476800000
2023-09-13 00:00:00+00:00,1.138e-05,1694563200000
2023-09-14 00:00:00+00:00,-3.52e-05,1694649600000
2023-09-15 00:00:00+00:00,-2.29e-05,1694736000000
2023-09-16 00:00:00+00:00,-1.627e-05,1694822400000
2023-09-17 00:00:00+00:00,-8.6e-06,1694908800000
2023-09-18 00:00:00+00:00,-8.643e-05,1694995200000
2023-09-19 00:00:00+00:00,-5.3e-06,1695081600000
2023-09-20 00:00:00+00:00,-3.313e-05,1695168000000
2023-09-21 00:00:00+00:00,1.525e-05,1695254400000
2023-09-22 00:00:00+00:00,7.853e-05,1695340800000
2023-09-23 00:00:00+00:00,4.642e-05,1695427200000
2023-09-24 00:00:00+00:00,0.0001,1695513600000
2023-09-25 00:00:00+00:00,-2e-08,1695600000000
2023-09-26 00:00:00+00:00,5.402e-05,1695686400000
2023-09-27 00:00:00+00:00,6.945e-05,1695772800000
2023-09-28 00:00:00+00:00,3.812e-05,1695859200000
2023-09-29 00:00:00+00:00,2.789e-05,1695945600000
2023-09-30 00:00:00+00:00,-5.446e-05,1696032000000
2023-10-01 00:00:00+00:00,-1.403e-05,1696118400000
2023-10-02 00:00:00+00:00,1.405e-05,1696204800000
2023-10-03 00:00:00+00:00,4.26e-05,1696291200000
2023-10-04 00:00:00+00:00,6.549e-05,1696377600000
2023-10-05 00:00:00+00:00,-8.047e-05,1696464000000
2023-10-06 00:00:00+00:00,5.97e-05,1696550400000
2023-10-07 00:00:00+00:00,4.038e-05,1696636800000
2023-10-08 00:00:00+00:00,6.023e-05,1696723200000
2023-10-09 00:00:00+00:00,-3.314e-05,1696809600000
2023-10-10 00:00:00+00:00,7.476e-05,1696896000000
2023-10-11 00:00:00+00:00,5.25e-05,1696982400000
2023-10-12 00:00:00+00:00,6.487e-05,1697068800000
2023-10-13 00:00:00+00:00,3.856e-05,1697155200000
2023-10-14 00:00:00+00:00,2.96e-05,1697241600000
2023-10-15 00:00:00+00:00,0.0001,1697328000000
2023-10-16 00:00:00+00:00,8.919e-05,1697414400000
2023-10-17 00:00:00+00:00,1.745e-05,1697500800000
2023-10-18 00:00:00+00:00,-3.016e-05,1697587200000
2023-10-19 00:00:00+00:00,-0.00014382,1697673600000
2023-10-20 00:00:00+00:00,6.324e-05,1697760000000
2023-10-21 00:00:00+00:00,9.135e-05,1697846400000
2023-10-22 00:00:00+00:00,9.874e-05,1697932800000
2023-10-23 00:00:00+00:00,0.0001,1698019200000
2023-10-24 00:00:00+00:00,0.0001,1698105600000
2023-10-25 00:00:00+00:00,0.0001,1698192000000
2023-10-26 00:00:00+00:00,0.0001,1698278400000
2023-10-27 00:00:00+00:00,0.0001,1698364800000
2023-10-28 00:00:00+00:00,0.0001,1698451200000
2023-10-29 00:00:00+00:00,0.0001,1698537600000
2023-10-30 00:00:00+00:00,0.0001,1698624000000
2023-10-31 00:00:00+00:00,0.0001,1698710400000
2023-11-01 00:00:00+00:00,0.0001,1698796800000
2023-11-02 00:00:00+00:00,0.00020046,1698883200000
2023-11-03 00:00:00+00:00,0.0001,1698969600000
2023-11-04 00:00:00+00:00,0.0001,1699056000000
2023-11-05 00:00:00+00:00,0.0001,1699142400000
2023-11-06 00:00:00+00:00,0.0001,1699228800000
2023-11-07 00:00:00+00:00,0.0001,1699315200000
2023-11-08 00:00:00+00:00,0.0001,1699401600000
2023-11-09 00:00:00+00:00,0.0001,1699488000000
2023-11-10 00:00:00+00:00,0.00042027,1699574400000
2023-11-11 00:00:00+00:00,0.00033141,1699660800000
2023-11-12 00:00:00+00:00,0.0001593,1699747200000
2023-11-13 00:00:00+00:00,0.00050234,1699833600000
2023-11-14 00:00:00+00:00,0.00018836,1699920000000
2023-11-15 00:00:00+00:00,0.0001,1700006400000
2023-11-16 00:00:00+00:00,0.0001,1700092800000
2023-11-17 00:00:00+00:00,0.0001,1700179200000
2023-11-18 00:00:00+00:00,0.0001,1700265600000
2023-11-19 00:00:00+00:00,0.0001,1700352000000
2023-11-20 00:00:00+00:00,0.0001,1700438400000
2023-11-21 00:00:00+00:00,0.0001,1700524800000
2023-11-22 00:00:00+00:00,0.0001,1700611200000
2023-11-23 00:00:00+00:00,0.0001,1700697600000
2023-11-24 00:00:00+00:00,0.0001,1700784000000
2023-11-25 00:00:00+00:00,0.0001,1700870400000
2023-11-26 00:00:00+00:00,0.0001,1700956800000
2023-11-27 00:00:00+00:00,0.0001,1701043200000
2023-11-28 00:00:00+00:00,0.0001,1701129600000
2023-11-29 00:00:00+00:00,0.0001,1701216000000
2023-11-30 00:00:00+00:00,0.0001,1701302400000
2023-12-01 00:00:00+00:00,0.0001,1701388800000
2023-12-02 00:00:00+00:00,0.0001,1701475200000
2023-12-03 00:00:00+00:00,0.0001,1701561600000
2023-12-04 00:00:00+00:00,0.0001,1701648000000
2023-12-05 00:00:00+00:00,0.0001,1701734400000
2023-12-06 00:00:00+00:00,0.0001,1701820800000
2023-12-07 00:00:00+00:00,0.0001,1701907200000
2023-12-08 00:00:00+00:00,0.00030589,1701993600000
2023-12-09 00:00:00+00:00,0.0002135,1702080000000
2023-12-10 00:00:00+00:00,0.0001,1702166400000
2023-12-11 00:00:00+00:00,0.0002125,1702252800000
2023-12-12 00:00:00+00:00,0.00016302,1702339200000
2023-12-13 00:00:00+00:00,0.0001,1702425600000
2023-12-14 00:00:00+00:00,0.0001,1702512000000
2023-12-15 00:00:00+00:00,0.00012792,1702598400000
2023-12-16 00:00:00+00:00,0.0001,1702684800000
2023-12-17 00:00:00+00:00,0.0001,1702771200000
2023-12-18 00:00:00+00:00,0.00023764,1702857600000
2023-12-19 00:00:00+00:00,0.00018221,1702944000000
2023-12-20 00:00:00+00:00,0.0001,1703030400000
2023-12-21 00:00:00+00:00,0.00032431,1703116800000
2023-12-22 00:00:00+00:00,0.00048794,1703203200000
2023-12-23 00:00:00+00:00,0.00026219,1703289600000
2023-12-24 00:00:00+00:00,0.00015976,1703376000000
2023-12-25 00:00:00+00:00,0.0001,1703462400000
2023-12-26 00:00:00+00:00,0.00033853,1703548800000
2023-12-27 00:00:00+00:00,0.00026731,1703635200000
2023-12-28 00:00:00+00:00,0.00045475,1703721600000
2023-12-29 00:00:00+00:00,0.0004258,1703808000000
2023-12-30 00:00:00+00:00,0.00032381,1703894400000
2023-12-31 00:00:00+00:00,0.00018919,1703980800000
2024-01-01 00:00:00+00:00,0.00022064,1704067200000
2024-01-02 00:00:00+00:00,0.00041193,1704153600000
2024-01-03 00:00:00+00:00,0.00031768,1704240000000
2024-01-04 00:00:00+00:00,0.0001,1704326400000
2024-01-05 00:00:00+00:00,0.0001,1704412800000
2024-01-06 00:00:00+00:00,0.0001,1704499200000
2024-01-07 00:00:00+00:00,0.0001,1704585600000
2024-01-08 00:00:00+00:00,0.0001,1704672000000
2024-01-09 00:00:00+00:00,0.0001,1704758400000
2024-01-10 00:00:00+00:00,0.0001,1704844800000
2024-01-11 00:00:00+00:00,0.0001,1704931200000
2024-01-12 00:00:00+00:00,0.0001,1705017600000
2024-01-13 00:00:00+00:00,0.0001,1705104000000
2024-01-14 00:00:00+00:00,0.0001,1705190400000
2024-01-15 00:00:00+00:00,0.0001,1705276800000
2024-01-16 00:00:00+00:00,0.0001,1705363200000
2024-01-17 00:00:00+00:00,0.0001,1705449600000
2024-01-18 00:00:00+00:00,0.0001,1705536000000
2024-01-19 00:00:00+00:00,0.0001,1705622400000
2024-01-20 00:00:00+00:00,0.0001,1705708800000
2024-01-21 00:00:00+00:00,0.0001,1705795200000
2024-01-22 00:00:00+00:00,0.0001,1705881600000
2024-01-23 00:00:00+00:00,0.0001,1705968000000
2024-01-24 00:00:00+00:00,0.0001,1706054400000
2024-01-25 00:00:00+00:00,0.0001,1706140800000
2024-01-26 00:00:00+00:00,0.0001,1706227200000
2024-01-27 00:00:00+00:00,0.0001,1706313600000
2024-01-28 00:00:00+00:00,0.0001,1706400000000
2024-01-29 00:00:00+00:00,6.951e-05,1706486400000
2024-01-30 00:00:00+00:00,0.0001,1706572800000
2024-01-31 00:00:00+00:00,0.0001,1706659200000
2024-02-01 00:00:00+00:00,1.997e-05,1706745600000
2024-02-02 00:00:00+00:00,8.992e-05,1706832000000
2024-02-03 00:00:00+00:00,7.097e-05,1706918400000
2024-02-04 00:00:00+00:00,-4.37e-06,1707004800000
2024-02-05 00:00:00+00:00,2.355e-05,1707091200000
2024-02-06 00:00:00+00:00,4.279e-05,1707177600000
2024-02-07 00:00:00+00:00,0.0001,1707264000000
2024-02-08 00:00:00+00:00,7.137e-05,1707350400000
2024-02-09 00:00:00+00:00,6.885e-05,1707436800000
2024-02-10 00:00:00+00:00,0.0001,1707523200000
2024-02-11 00:00:00+00:00,0.0001,1707609600000
2024-02-12 00:00:00+00:00,0.0001,1707696000000
2024-02-13 00:00:00+00:00,0.0001,1707782400000
2024-02-14 00:00:00+00:00,0.00012583,1707868800000
2024-02-15 00:00:00+00:00,0.00017061,1707955200000
2024-02-16 00:00:00+00:00,0.00019368,1708041600000
2024-02-17 00:00:00+00:00,0.0001,1708128000000
2024-02-18 00:00:00+00:00,0.0001,1708214400000
2024-02-19 00:00:00+00:00,0.0001,1708300800000
2024-02-20 00:00:00+00:00,0.00021742,1708387200000
2024-02-21 00:00:00+00:00,0.00010138,1708473600000
2024-02-22 00:00:00+00:00,0.0001,1708560000000
2024-02-23 00:00:00+00:00,0.0001,1708646400000
2024-02-24 00:00:00+00:00,0.0001,1708732800000
2024-02-25 00:00:00+00:00,0.0001,1708819200000
2024-02-26 00:00:00+00:00,0.00035395,1708905600000
2024-02-27 00:00:00+00:00,0.00016828,1708992000000
2024-02-28 00:00:00+00:00,0.0001,1709078400000
2024-02-29 00:00:00+00:00,0.00037472,1709164800000
2024-03-01 00:00:00+00:00,0.00034147,1709251200000
2024-03-02 00:00:00+00:00,0.00026264,1709337600000
2024-03-03 00:00:00+00:00,0.00023132,1709424000000
2024-03-04 00:00:00+00:00,0.00024728,1709510400000
2024-03-05 00:00:00+00:00,0.00035119,1709596800000
2024-03-06 00:00:00+00:00,0.00016221,1709683200000
2024-03-07 00:00:00+00:00,0.00030965,1709769600000
2024-03-08 00:00:00+00:00,0.00035793,1709856000000
2024-03-09 00:00:00+00:00,0.00024778,1709942400000
2024-03-10 00:00:00+00:00,0.00036152,1710028800000
2024-03-11 00:00:00+00:00,0.00027191,1710115200000
2024-03-12 00:00:00+00:00,0.00067309,1710201600000
2024-03-13 00:00:00+00:00,0.00041296,1710288000000
2024-03-14 00:00:00+00:00,0.00042353,1710374400000
2024-03-15 00:00:00+00:00,0.00044491,1710460800000
2024-03-16 00:00:00+00:00,0.00017064,1710547200000
2024-03-17 00:00:00+00:00,0.0001,1710633600000
2024-03-18 00:00:00+00:00,0.0001,1710720000000
2024-03-19 00:00:00+00:00,0.0001949,1710806400000
2024-03-20 00:00:00+00:00,0.0001,1710892800000
2024-03-21 00:00:00+00:00,0.0001,1710979200000
2024-03-22 00:00:00+00:00,0.00019284,1711065600000
2024-03-23 00:00:00+00:00,0.0001,1711152000000
2024-03-24 00:00:00+00:00,0.0001,1711238400000
2024-03-25 00:00:00+00:00,0.00013323,1711324800000
2024-03-26 00:00:00+00:00,0.0003498,1711411200000
2024-03-27 00:00:00+00:00,0.00037683,1711497600000
2024-03-28 00:00:00+00:00,0.0004432,1711584000000
2024-03-29 00:00:00+00:00,0.00042266,1711670400000
2024-03-30 00:00:00+00:00,0.00033128,1711756800000
2024-03-31 00:00:00+00:00,0.00044988,1711843200000
2024-04-01 00:00:00+00:00,0.00075064,1711929600000
2024-04-02 00:00:00+00:00,0.00035191,1712016000000
2024-04-03 00:00:00+00:00,0.0001,1712102400000
2024-04-04 00:00:00+00:00,0.0001,1712188800000
2024-04-05 00:00:00+00:00,0.0001,1712275200000
2024-04-06 00:00:00+00:00,0.0001,1712361600000
2024-04-07 00:00:00+00:00,0.0001,1712448000000
2024-04-08 00:00:00+00:00,0.00011071,1712534400000
2024-04-09 00:00:00+00:00,0.00026624,1712620800000
2024-04-10 00:00:00+00:00,0.00017313,1712707200000
2024-04-11 00:00:00+00:00,0.0001,1712793600000
2024-04-12 00:00:00+00:00,0.0001,1712880000000
2024-04-13 00:00:00+00:00,0.0001,1712966400000
2024-04-14 00:00:00+00:00,-0.00014525,1713052800000
2024-04-15 00:00:00+00:00,7.312e-05,1713139200000
2024-04-16 00:00:00+00:00,0.0001,1713225600000
2024-04-17 00:00:00+00:00,2.604e-05,1713312000000
2024-04-18 00:00:00+00:00,0.0001,1713398400000
2024-04-19 00:00:00+00:00,-3.191e-05,1713484800000
2024-04-20 00:00:00+00:00,4.122e-05,1713571200000
2024-04-21 00:00:00+00:00,8.775e-05,1713657600000
2024-04-22 00:00:00+00:00,4.056e-05,1713744000000
2024-04-23 00:00:00+00:00,3.609e-05,1713830400000
2024-04-24 00:00:00+00:00,4.137e-05,1713916800000
2024-04-25 00:00:00+00:00,3.67e-06,1714003200000
2024-04-26 00:00:00+00:00,1.694e-05,1714089600000
2024-04-27 00:00:00+00:00,6.533e-05,1714176000000
2024-04-28 00:00:00+00:00,0.0001,1714262400000
2024-04-29 00:00:00+00:00,2.697e-05,1714348800000
2024-04-30 00:00:00+00:00,0.0001,1714435200000
2024-05-01 00:00:00+00:00,5.014e-05,1714521600000
2024-05-02 00:00:00+00:00,0.0001,1714608000000
2024-05-03 00:00:00+00:00,8.749e-05,1714694400000
2024-05-04 00:00:00+00:00,5e-08,1714780800000
2024-05-05 00:00:00+00:00,3.485e-05,1714867200000
2024-05-06 00:00:00+00:00,5.021e-05,1714953600000
2024-05-07 00:00:00+00:00,0.0001,1715040000000
2024-05-08 00:00:00+00:00,0.0001,1715126400000
2024-05-09 00:00:00+00:00,8.934e-05,1715212800000
2024-05-10 00:00:00+00:00,8.488e-05,1715299200000
2024-05-11 00:00:00+00:00,0.0001,1715385600000
2024-05-12 00:00:00+00:00,0.0001,1715472000000
2024-05-13 00:00:00+00:00,-8.22e-06,1715558400000
2024-05-14 00:00:00+00:00,0.0001,1715644800000
2024-05-15 00:00:00+00:00,0.0001,1715731200000
2024-05-16 00:00:00+00:00,0.0001,1715817600000
2024-05-17 00:00:00+00:00,0.0001,1715904000000
2024-05-18 00:00:00+00:00,0.0001,1715990400000
2024-05-19 00:00:00+00:00,0.0001,1716076800000
2024-05-20 00:00:00+00:00,0.0001,1716163200000
2024-05-21 00:00:00+00:00,0.00031117,1716249600000
2024-05-22 00:00:00+00:00,0.00018991,1716336000000
2024-05-23 00:00:00+00:00,0.000207,1716422400000
2024-05-24 00:00:00+00:00,0.0001,1716508800000
2024-05-25 00:00:00+00:00,0.0001,1716595200000
2024-05-26 00:00:00+00:00,0.0001,1716681600000
2024-05-27 00:00:00+00:00,0.00012533,1716768000000
2024-05-28 00:00:00+00:00,0.0001,1716854400000
2024-05-29 00:00:00+00:00,0.00018189,1716940800000
2024-05-30 00:00:00+00:00,0.0001,1717027200000
2024-05-31 00:00:00+00:00,0.0001,1717113600000
2024-06-01 00:00:00+00:00,0.0001,1717200000000
2024-06-02 00:00:00+00:00,0.0001,1717286400000
2024-06-03 00:00:00+00:00,0.0001,1717372800000
2024-06-04 00:00:00+00:00,0.0001,1717459200000
2024-06-05 00:00:00+00:00,0.00018855,1717545600000
2024-06-06 00:00:00+00:00,0.0001,1717632000000
2024-06-07 00:00:00+00:00,0.0001,1717718400000
2024-06-08 00:00:00+00:00,0.0001,1717804800000
2024-06-09 00:00:00+00:00,0.0001,1717891200000
2024-06-10 00:00:00+00:00,0.0001,1717977600000
2024-06-11 00:00:00+00:00,0.0001,1718064000000
2024-06-12 00:00:00+00:00,0.0001,1718150400000
2024-06-13 00:00:00+00:00,6.596e-05,1718236800000
2024-06-14 00:00:00+00:00,0.0001,1718323200000
2024-06-15 00:00:00+00:00,0.0001,1718409600000
2024-06-16 00:00:00+00:00,4.845e-05,1718496000000
2024-06-17 00:00:00+00:00,5.19e-06,1718582400000
2024-06-18 00:00:00+00:00,-2.407e-05,1718668800000
2024-06-19 00:00:00+00:00,0.0001,1718755200000
2024-06-20 00:00:00+00:00,8.363e-05,1718841600000
2024-06-21 00:00:00+00:00,-3.865e-05,1718928000000
2024-06-22 00:00:00+00:00,6.643e-05,1719014400000
2024-06-23 00:00:00+00:00,0.0001,1719100800000
2024-06-24 00:00:00+00:00,-5.617e-05,1719187200000
2024-06-25 00:00:00+00:00,6.482e-05,1719273600000
2024-06-26 00:00:00+00:00,-7.398e-05,1719360000000
2024-06-27 00:00:00+00:00,6.85e-05,1719446400000
2024-06-28 00:00:00+00:00,1.215e-05,1719532800000
2024-06-29 00:00:00+00:00,7.307e-05,1719619200000
2024-06-30 00:00:00+00:00,1.11e-05,1719705600000
2024-07-01 00:00:00+00:00,8.42e-06,1719792000000
2024-07-02 00:00:00+00:00,6.36e-06,1719878400000
2024-07-03 00:00:00+00:00,0.0001,1719964800000
2024-07-04 00:00:00+00:00,9.795e-05,1720051200000
2024-07-05 00:00:00+00:00,6.218e-05,1720137600000
2024-07-06 00:00:00+00:00,-1.706e-05,1720224000000
2024-07-07 00:00:00+00:00,-5.317e-05,1720310400000
2024-07-08 00:00:00+00:00,-5.561e-05,1720396800000
2024-07-09 00:00:00+00:00,0.0001,1720483200000
2024-07-10 00:00:00+00:00,8.421e-05,1720569600000
2024-07-11 00:00:00+00:00,-9.44e-06,1720656000000
2024-07-12 00:00:00+00:00,8.084e-05,1720742400000
2024-07-13 00:00:00+00:00,5.977e-05,1720828800000
2024-07-14 00:00:00+00:00,0.0001,1720915200000
2024-07-15 00:00:00+00:00,8.28e-05,1721001600000
2024-07-16 00:00:00+00:00,-7.78e-06,1721088000000
2024-07-17 00:00:00+00:00,2.9e-05,1721174400000
2024-07-18 00:00:00+00:00,5.689e-05,1721260800000
2024-07-19 00:00:00+00:00,9.789e-05,1721347200000
2024-07-20 00:00:00+00:00,0.0001,1721433600000
2024-07-21 00:00:00+00:00,0.0001,1721520000000
2024-07-22 00:00:00+00:00,0.0001,1721606400000
2024-07-23 00:00:00+00:00,0.0001,1721692800000
2024-07-24 00:00:00+00:00,0.0001,1721779200000
2024-07-25 00:00:00+00:00,0.0001,1721865600000
2024-07-26 00:00:00+00:00,0.0001,1721952000000
2024-07-27 00:00:00+00:00,1.778e-05,1722038400000
2024-07-28 00:00:00+00:00,6.596e-05,1722124800000
2024-07-29 00:00:00+00:00,0.0001,1722211200000
2024-07-30 00:00:00+00:00,0.0001,1722297600000
2024-07-31 00:00:00+00:00,7.69e-05,1722384000000
2024-08-01 00:00:00+00:00,7.817e-05,1722470400000
2024-08-02 00:00:00+00:00,5.382e-05,1722556800000
2024-08-03 00:00:00+00:00,-4.64e-05,1722643200000
2024-08-04 00:00:00+00:00,-1.304e-05,1722729600000
2024-08-05 00:00:00+00:00,1.556e-05,1722816000000
2024-08-06 00:00:00+00:00,-4.444e-05,1722902400000
2024-08-07 00:00:00+00:00,-4.951e-05,1722988800000
2024-08-08 00:00:00+00:00,-6.072e-05,1723075200000
2024-08-09 00:00:00+00:00,-2.813e-05,1723161600000
2024-08-10 00:00:00+00:00,-5.61e-05,1723248000000
2024-08-11 00:00:00+00:00,2.04e-05,1723334400000
2024-08-12 00:00:00+00:00,2.355e-05,1723420800000
2024-08-13 00:00:00+00:00,7.907e-05,1723507200000
2024-08-14 00:00:00+00:00,0.0001,1723593600000
2024-08-15 00:00:00+00:00,5.933e-05,1723680000000
2024-08-16 00:00:00+00:00,-4.886e-05,1723766400000
2024-08-17 00:00:00+00:00,-3.572e-05,1723852800000
2024-08-18 00:00:00+00:00,1.81e-05,1723939200000
2024-08-19 00:00:00+00:00,-3.098e-05,1724025600000
2024-08-20 00:00:00+00:00,4.635e-05,1724112000000
2024-08-21 00:00:00+00:00,-5.77e-06,1724198400000
2024-08-22 00:00:00+00:00,1.997e-05,1724284800000
2024-08-23 00:00:00+00:00,5.232e-05,1724371200000
2024-08-24 00:00:00+00:00,6.517e-05,1724457600000
2024-08-25 00:00:00+00:00,8.384e-05,1724544000000
2024-08-26 00:00:00+00:00,1.367e-05,1724630400000
2024-08-27 00:00:00+00:00,6.125e-05,1724716800000
2024-08-28 00:00:00+00:00,-1.581e-05,1724803200000
2024-08-29 00:00:00+00:00,2.16e-06,1724889600000
2024-08-30 00:00:00+00:00,1.811e-05,1724976000000
2024-08-31 00:00:00+00:00,5.667e-05,1725062400000
2024-09-01 00:00:00+00:00,6.084e-05,1725148800000
2024-09-02 00:00:00+00:00,-4.038e-05,1725235200000
2024-09-03 00:00:00+00:00,4.281e-05,1725321600000
2024-09-04 00:00:00+00:00,-1.703e-05,1725408000000
2024-09-05 00:00:00+00:00,-7.485e-05,1725494400000
2024-09-06 00:00:00+00:00,-9.336e-05,1725580800000
2024-09-07 00:00:00+00:00,-3.674e-05,1725667200000
2024-09-08 00:00:00+00:00,-4.366e-05,1725753600000
2024-09-09 00:00:00+00:00,2.116e-05,1725840000000
2024-09-10 00:00:00+00:00,3.146e-05,1725926400000
2024-09-11 00:00:00+00:00,7.346e-05,1726012800000
2024-09-12 00:00:00+00:00,6.48e-06,1726099200000
2024-09-13 00:00:00+00:00,5.569e-05,1726185600000
2024-09-14 00:00:00+00:00,9.96e-05,1726272000000
2024-09-15 00:00:00+00:00,7.269e-05,1726358400000
2024-09-16 00:00:00+00:00,3.711e-05,1726444800000
2024-09-17 00:00:00+00:00,5.54e-06,1726531200000
2024-09-18 00:00:00+00:00,-1.575e-05,1726617600000
2024-09-19 00:00:00+00:00,5.057e-05,1726704000000
2024-09-20 00:00:00+00:00,0.0001,1726790400000
2024-09-21 00:00:00+00:00,0.0001,1726876800000
2024-09-22 00:00:00+00:00,-1.573e-05,1726963200000
2024-09-23 00:00:00+00:00,2.423e-05,1727049600000
2024-09-24 00:00:00+00:00,4.357e-05,1727136000000
2024-09-25 00:00:00+00:00,0.0001,1727222400000
2024-09-26 00:00:00+00:00,0.0001,1727308800000
2024-09-27 00:00:00+00:00,7.427e-05,1727395200000
2024-09-28 00:00:00+00:00,8.764e-05,1727481600000
2024-09-29 00:00:00+00:00,5.616e-05,1727568000000
2024-09-30 00:00:00+00:00,0.0001,1727654400000
2024-10-01 00:00:00+00:00,1.627e-05,1727740800000
2024-10-02 00:00:00+00:00,6.03e-05,1727827200000
2024-10-03 00:00:00+00:00,-4.125e-05,1727913600000
2024-10-04 00:00:00+00:00,9.43e-06,1728000000000
2024-10-05 00:00:00+00:00,-2.899e-05,1728086400000
2024-10-06 00:00:00+00:00,-5.8e-07,1728172800000
2024-10-07 00:00:00+00:00,-7.854e-05,1728259200000
2024-10-08 00:00:00+00:00,3.23e-06,1728345600000
2024-10-09 00:00:00+00:00,2.012e-05,1728432000000
2024-10-10 00:00:00+00:00,-6.393e-05,1728518400000
2024-10-11 00:00:00+00:00,1.384e-05,1728604800000
2024-10-12 00:00:00+00:00,0.0001,1728691200000
2024-10-13 00:00:00+00:00,0.0001,1728777600000
2024-10-14 00:00:00+00:00,0.0001,1728864000000
2024-10-15 00:00:00+00:00,0.0001,1728950400000
2024-10-16 00:00:00+00:00,0.0001,1729036800000
2024-10-17 00:00:00+00:00,8.612e-05,1729123200000
2024-10-18 00:00:00+00:00,0.0001,1729209600000
2024-10-19 00:00:00+00:00,0.0001,1729296000000
2024-10-20 00:00:00+00:00,0.0001,1729382400000
2024-10-21 00:00:00+00:00,0.0001,1729468800000
2024-10-22 00:00:00+00:00,0.0001,1729555200000
2024-10-23 00:00:00+00:00,0.0001,1729641600000
2024-10-24 00:00:00+00:00,0.0001,1729728000000
2024-10-25 00:00:00+00:00,0.0001,1729814400000
2024-10-26 00:00:00+00:00,0.0001,1729900800000
2024-10-27 00:00:00+00:00,0.0001,1729987200000
2024-10-28 00:00:00+00:00,0.0001,1730073600000
2024-10-29 00:00:00+00:00,0.0001,1730160000000
2024-10-30 00:00:00+00:00,0.0001,1730246400000
2024-10-31 00:00:00+00:00,0.0001,1730332800000
2024-11-01 00:00:00+00:00,0.0001,1730419200000
2024-11-02 00:00:00+00:00,0.0001,1730505600000
2024-11-03 00:00:00+00:00,0.0001,1730592000000
2024-11-04 00:00:00+00:00,0.0001,1730678400000
2024-11-05 00:00:00+00:00,0.0001,1730764800000
2024-11-06 00:00:00+00:00,0.0001,1730851200000
2024-11-07 00:00:00+00:00,0.0001,1730937600000
2024-11-08 00:00:00+00:00,0.00011848,1731024000000
2024-11-09 00:00:00+00:00,0.0001008,1731110400000
2024-11-10 00:00:00+00:00,0.00011088,1731196800000
2024-11-11 00:00:00+00:00,0.00041133,1731283200000
2024-11-12 00:00:00+00:00,0.00017077,1731369600000
2024-11-13 00:00:00+00:00,0.00014753,1731456000000
2024-11-14 00:00:00+00:00,0.0001,1731542400000
2024-11-15 00:00:00+00:00,0.0001,1731628800000
2024-11-16 00:00:00+00:00,0.00014163,1731715200000
2024-11-17 00:00:00+00:00,0.00015869,1731801600000
2024-11-18 00:00:00+00:00,0.00027135,1731888000000
2024-11-19 00:00:00+00:00,0.00043249,1731974400000
2024-11-20 00:00:00+00:00,0.00016122,1732060800000
2024-11-21 00:00:00+00:00,0.0001,1732147200000
2024-11-22 00:00:00+00:00,0.00042377,1732233600000
2024-11-23 00:00:00+00:00,0.00027479,1732320000000
2024-11-24 00:00:00+00:00,0.00024542,1732406400000
2024-11-25 00:00:00+00:00,0.00031712,1732492800000
2024-11-26 00:00:00+00:00,0.0002649,1732579200000
2024-11-27 00:00:00+00:00,0.00021948,1732665600000
2024-11-28 00:00:00+00:00,0.00049526,1732752000000
2024-11-29 00:00:00+00:00,0.00039025,1732838400000
2024-11-30 00:00:00+00:00,0.00025356,1732924800000
2024-12-01 00:00:00+00:00,0.00024891,1733011200000
2024-12-02 00:00:00+00:00,0.00041344,1733097600000
2024-12-03 00:00:00+00:00,0.0002708,1733184000000
2024-12-04 00:00:00+00:00,0.00034754,1733270400000
2024-12-05 00:00:00+00:00,0.00056101,1733356800000
2024-12-06 00:00:00+00:00,0.00027996,1733443200000
2024-12-07 00:00:00+00:00,0.0004298,1733529600000
2024-12-08 00:00:00+00:00,0.00032232,1733616000000
2024-12-09 00:00:00+00:00,0.00029987,1733702400000
2024-12-10 00:00:00+00:00,0.0001,1733788800000
2024-12-11 00:00:00+00:00,0.0001,1733875200000
2024-12-12 00:00:00+00:00,0.0001,1733961600000
2024-12-13 00:00:00+00:00,0.0001,1734048000000
2024-12-14 00:00:00+00:00,0.0001,1734134400000
2024-12-15 00:00:00+00:00,0.0001,1734220800000
2024-12-16 00:00:00+00:00,0.0001,1734307200000
2024-12-17 00:00:00+00:00,0.0001,1734393600000
2024-12-18 00:00:00+00:00,0.0001,1734480000000
2024-12-19 00:00:00+00:00,0.0001,1734566400000
2024-12-20 00:00:00+00:00,1.411e-05,1734652800000
2024-12-21 00:00:00+00:00,3.707e-05,1734739200000
2024-12-22 00:00:00+00:00,-6.42e-06,1734825600000
2024-12-23 00:00:00+00:00,1.46e-05,1734912000000
2024-12-24 00:00:00+00:00,0.0001,1734998400000
2024-12-25 00:00:00+00:00,0.0001,1735084800000
2024-12-26 00:00:00+00:00,9.556e-05,1735171200000
2024-12-27 00:00:00+00:00,4.373e-05,1735257600000
2024-12-28 00:00:00+00:00,6.4e-05,1735344000000
2024-12-29 00:00:00+00:00,9.198e-05,1735430400000
2024-12-30 00:00:00+00:00,1.598e-05,1735516800000
2024-12-31 00:00:00+00:00,7.508e-05,1735603200000
2025-01-01 00:00:00+00:00,5.065e-05,1735689600000
2025-01-02 00:00:00+00:00,0.0001,1735776000000
2025-01-03 00:00:00+00:00,0.0001,1735862400000
2025-01-04 00:00:00+00:00,0.0001,1735948800000
2025-01-05 00:00:00+00:00,0.0001,1736035200000
2025-01-06 00:00:00+00:00,0.0001,1736121600000
2025-01-07 00:00:00+00:00,0.0001,1736208000000
2025-01-08 00:00:00+00:00,-1.644e-05,1736294400000
2025-01-09 00:00:00+00:00,0.0001,1736380800000
2025-01-10 00:00:00+00:00,5.098e-05,1736467200000
2025-01-11 00:00:00+00:00,3.683e-05,1736553600000
2025-01-12 00:00:00+00:00,0.0001,1736640000000
2025-01-13 00:00:00+00:00,5.506e-05,1736726400000
2025-01-14 00:00:00+00:00,5.223e-05,1736812800000
2025-01-15 00:00:00+00:00,8.072e-05,1736899200000
2025-01-16 00:00:00+00:00,0.0001,1736985600000
2025-01-17 00:00:00+00:00,0.0001,1737072000000
2025-01-18 00:00:00+00:00,0.0001,1737158400000
2025-01-19 00:00:00+00:00,0.0001,1737244800000
2025-01-20 00:00:00+00:00,0.0001,1737331200000
2025-01-21 00:00:00+00:00,0.0001,1737417600000
2025-01-22 00:00:00+00:00,0.0001,1737504000000
2025-01-23 00:00:00+00:00,0.0001,1737590400000
2025-01-24 00:00:00+00:00,0.0001,1737676800000
2025-01-25 00:00:00+00:00,0.0001,1737763200000
2025-01-26 00:00:00+00:00,0.0001,1737849600000
2025-01-27 00:00:00+00:00,8.444e-05,1737936000000
2025-01-28 00:00:00+00:00,8.136e-05,1738022400000
2025-01-29 00:00:00+00:00,-5.28e-06,1738108800000
2025-01-30 00:00:00+00:00,1.079e-05,1738195200000
2025-01-31 00:00:00+00:00,0.0001,1738281600000
2025-02-01 00:00:00+00:00,0.0001,1738368000000
2025-02-02 00:00:00+00:00,-6.429e-05,1738454400000
2025-02-03 00:00:00+00:00,4.32e-06,1738540800000
2025-02-04 00:00:00+00:00,-6.207e-05,1738627200000
2025-02-05 00:00:00+00:00,-3.825e-05,1738713600000
2025-02-06 00:00:00+00:00,4.879e-05,1738800000000
2025-02-07 00:00:00+00:00,-1.97e-06,1738886400000
2025-02-08 00:00:00+00:00,-7.41e-05,1738972800000
2025-02-09 00:00:00+00:00,2.555e-05,1739059200000
2025-02-10 00:00:00+00:00,-1.942e-05,1739145600000
2025-02-11 00:00:00+00:00,3.948e-05,1739232000000
2025-02-12 00:00:00+00:00,8.255e-05,1739318400000
2025-02-13 00:00:00+00:00,0.0001,1739404800000
2025-02-14 00:00:00+00:00,5.174e-05,1739491200000
2025-02-15 00:00:00+00:00,6.289e-05,1739577600000
2025-02-16 00:00:00+00:00,1.318e-05,1739664000000
2025-02-17 00:00:00+00:00,1.4e-06,1739750400000
2025-02-18 00:00:00+00:00,6.654e-05,1739836800000
2025-02-19 00:00:00+00:00,9.128e-05,1739923200000
2025-02-20 00:00:00+00:00,2.106e-05,1740009600000
2025-02-21 00:00:00+00:00,4.65e-06,1740096000000
2025-02-22 00:00:00+00:00,0.00033568,1740182400000
2025-02-23 00:00:00+00:00,0.0001,1740268800000
2025-02-24 00:00:00+00:00,0.0001,1740355200000
2025-02-25 00:00:00+00:00,-9.117e-05,1740441600000
2025-02-26 00:00:00+00:00,0.0001,1740528000000
2025-02-27 00:00:00+00:00,-0.00011807,1740614400000
2025-02-28 00:00:00+00:00,2.711e-05,1740700800000
2025-03-01 00:00:00+00:00,4.109e-05,1740787200000
2025-03-02 00:00:00+00:00,0.0001,1740873600000
2025-03-03 00:00:00+00:00,0.0001,1740960000000
2025-03-04 00:00:00+00:00,-4.89e-05,1741046400000
2025-03-05 00:00:00+00:00,0.0001,1741132800000
2025-03-06 00:00:00+00:00,0.0001,1741219200000
2025-03-07 00:00:00+00:00,-9.506e-05,1741305600000
2025-03-08 00:00:00+00:00,-9.058e-05,1741392000000
2025-03-09 00:00:00+00:00,-2.063e-05,1741478400000
2025-03-10 00:00:00+00:00,-0.00015176,1741564800000
2025-03-11 00:00:00+00:00,-2.376e-05,1741651200000
2025-03-12 00:00:00+00:00,-2.501e-05,1741737600000
2025-03-13 00:00:00+00:00,5.272e-05,1741824000000
2025-03-14 00:00:00+00:00,3.407e-05,1741910400000
2025-03-15 00:00:00+00:00,7.17e-05,1741996800000
2025-03-16 00:00:00+00:00,8.657e-05,1742083200000
2025-03-17 00:00:00+00:00,-5.37e-05,1742169600000
2025-03-18 00:00:00+00:00,7.35e-06,1742256000000
2025-03-19 00:00:00+00:00,1.43e-05,1742342400000
2025-03-20 00:00:00+00:00,5.554e-05,1742428800000
2025-03-21 00:00:00+00:00,6.8e-05,1742515200000
2025-03-22 00:00:00+00:00,3.832e-05,1742601600000
2025-03-23 00:00:00+00:00,2.298e-05,1742688000000
2025-03-24 00:00:00+00:00,3.397e-05,1742774400000
2025-03-25 00:00:00+00:00,5.594e-05,1742860800000
2025-03-26 00:00:00+00:00,4.39e-05,1742947200000
2025-03-27 00:00:00+00:00,3.53e-05,1743033600000
2025-03-28 00:00:00+00:00,-1.404e-05,1743120000000
2025-03-29 00:00:00+00:00,4.826e-05,1743206400000
2025-03-30 00:00:00+00:00,8.4e-06,1743292800000
2025-03-31 00:00:00+00:00,7.45e-06,1743379200000
2025-04-01 00:00:00+00:00,3.934e-05,1743465600000
2025-04-02 00:00:00+00:00,4.467e-05,1743552000000
2025-04-03 00:00:00+00:00,-3.783e-05,1743638400000
2025-04-04 00:00:00+00:00,2.987e-05,1743724800000
2025-04-05 00:00:00+00:00,8.096e-05,1743811200000
2025-04-06 00:00:00+00:00,1.241e-05,1743897600000
2025-04-07 00:00:00+00:00,-3.197e-05,1743984000000
2025-04-08 00:00:00+00:00,6.133e-05,1744070400000
2025-04-09 00:00:00+00:00,3.123e-05,1744156800000
2025-04-10 00:00:00+00:00,0.0001,1744243200000
2025-04-11 00:00:00+00:00,-1.534e-05,1744329600000
2025-04-12 00:00:00+00:00,7.99e-06,1744416000000
2025-04-13 00:00:00+00:00,0.0001,1744502400000
2025-04-14 00:00:00+00:00,-5.284e-05,1744588800000
2025-04-15 00:00:00+00:00,2.948e-05,1744675200000
2025-04-16 00:00:00+00:00,-4.424e-05,1744761600000
2025-04-17 00:00:00+00:00,1.72e-06,1744848000000
2025-04-18 00:00:00+00:00,1.891e-05,1744934400000
2025-04-19 00:00:00+00:00,8.38e-06,1745020800000
2025-04-20 00:00:00+00:00,1.351e-05,1745107200000
2025-04-21 00:00:00+00:00,-7.23e-05,1745193600000
2025-04-22 00:00:00+00:00,3.308e-05,1745280000000
2025-04-23 00:00:00+00:00,2.427e-05,1745366400000
2025-04-24 00:00:00+00:00,5.256e-05,1745452800000
2025-04-25 00:00:00+00:00,9.154e-05,1745539200000
2025-04-26 00:00:00+00:00,5.969e-05,1745625600000
2025-04-27 00:00:00+00:00,0.0001,1745712000000
2025-04-28 00:00:00+00:00,9.61e-06,1745798400000
2025-04-29 00:00:00+00:00,4.152e-05,1745884800000
2025-04-30 00:00:00+00:00,3.22e-05,1745971200000
2025-05-01 00:00:00+00:00,7.067e-05,1746057600000
2025-05-02 00:00:00+00:00,9.205e-05,1746144000000
2025-05-03 00:00:00+00:00,3.71e-05,1746230400000
2025-05-04 00:00:00+00:00,7.17e-05,1746316800000
2025-05-05 00:00:00+00:00,-3.2e-06,1746403200000
2025-05-06 00:00:00+00:00,7.277e-05,1746489600000
2025-05-07 00:00:00+00:00,5.459e-05,1746576000000
2025-05-08 00:00:00+00:00,4.019e-05,1746662400000
2025-05-09 00:00:00+00:00,0.0001,1746748800000
2025-05-10 00:00:00+00:00,0.0001,1746835200000
2025-05-11 00:00:00+00:00,0.0001,1746921600000
2025-05-12 00:00:00+00:00,0.0001,1747008000000
2025-05-13 00:00:00+00:00,5.328e-05,1747094400000
2025-05-14 00:00:00+00:00,0.0001,1747180800000
2025-05-15 00:00:00+00:00,-1.315e-05,1747267200000
2025-05-16 00:00:00+00:00,-8.37e-06,1747353600000
2025-05-17 00:00:00+00:00,-6.946e-05,1747440000000
2025-05-18 00:00:00+00:00,9.646e-05,1747526400000
2025-05-19 00:00:00+00:00,8.262e-05,1747612800000
2025-05-20 00:00:00+00:00,0.0001,1747699200000
2025-05-21 00:00:00+00:00,8.677e-05,1747785600000
2025-05-22 00:00:00+00:00,-6.57e-05,1747872000000
2025-05-23 00:00:00+00:00,3.143e-05,1747958400000
2025-05-24 00:00:00+00:00,0.0001,1748044800000
2025-05-25 00:00:00+00:00,4.977e-05,1748131200000
2025-05-26 00:00:00+00:00,0.0001,1748217600000
2025-05-27 00:00:00+00:00,0.0001,1748304000000
2025-05-28 00:00:00+00:00,8.06e-06,1748390400000
2025-05-29 00:00:00+00:00,0.0001,1748476800000
2025-05-30 00:00:00+00:00,0.0001,1748563200000
2025-05-31 00:00:00+00:00,0.0001,1748649600000
2025-06-01 00:00:00+00:00,-3.737e-05,1748736000000
2025-06-02 00:00:00+00:00,0.0001,1748822400000
2025-06-03 00:00:00+00:00,0.0001,1748908800000
2025-06-04 00:00:00+00:00,-2.41e-06,1748995200000
2025-06-05 00:00:00+00:00,3.896e-05,1749081600000
2025-06-06 00:00:00+00:00,6.682e-05,1749168000000
2025-06-07 00:00:00+00:00,1.1e-07,1749254400000
2025-06-08 00:00:00+00:00,-2.918e-05,1749340800000
2025-06-09 00:00:00+00:00,-2.122e-05,1749427200000
2025-06-10 00:00:00+00:00,0.0001,1749513600000
2025-06-11 00:00:00+00:00,0.0001,1749600000000
2025-06-12 00:00:00+00:00,6.381e-05,1749686400000
2025-06-13 00:00:00+00:00,-3.548e-05,1749772800000
2025-06-14 00:00:00+00:00,4.672e-05,1749859200000
2025-06-15 00:00:00+00:00,2.825e-05,1749945600000
2025-06-16 00:00:00+00:00,8.3e-07,1750032000000
2025-06-17 00:00:00+00:00,-3.199e-05,1750118400000
2025-06-18 00:00:00+00:00,5.35e-06,1750204800000
2025-06-19 00:00:00+00:00,5.507e-05,1750291200000
2025-06-20 00:00:00+00:00,-2.07e-06,1750377600000
2025-06-21 00:00:00+00:00,-4.026e-05,1750464000000
2025-06-22 00:00:00+00:00,-6.108e-05,1750550400000
2025-06-23 00:00:00+00:00,4.76e-05,1750636800000
2025-06-24 00:00:00+00:00,-4.01e-05,1750723200000
2025-06-25 00:00:00+00:00,-8.707e-05,1750809600000
2025-06-26 00:00:00+00:00,-5.43e-06,1750896000000
2025-06-27 00:00:00+00:00,-5.01e-06,1750982400000
2025-06-28 00:00:00+00:00,5.25e-05,1751068800000
2025-06-29 00:00:00+00:00,5.275e-05,1751155200000
2025-06-30 00:00:00+00:00,7.239e-05,1751241600000
2025-07-01 00:00:00+00:00,0.0001,1751328000000
2025-07-02 00:00:00+00:00,-2.932e-05,1751414400000
2025-07-03 00:00:00+00:00,0.0001,1751500800000
2025-07-04 00:00:00+00:00,2.046e-05,1751587200000
2025-07-05 00:00:00+00:00,7.28e-06,1751673600000
2025-07-06 00:00:00+00:00,5.091e-05,1751760000000
2025-07-07 00:00:00+00:00,5.235e-05,1751846400000
2025-07-08 00:00:00+00:00,-1.62e-06,1751932800000
2025-07-09 00:00:00+00:00,0.0001,1752019200000
2025-07-10 00:00:00+00:00,0.0001,1752105600000
2025-07-11 00:00:00+00:00,0.0001,1752192000000
2025-07-12 00:00:00+00:00,0.0001,1752278400000
2025-07-13 00:00:00+00:00,5.293e-05,1752364800000
2025-07-14 00:00:00+00:00,0.0001,1752451200000
2025-07-15 00:00:00+00:00,0.0001,1752537600000
2025-07-16 00:00:00+00:00,0.0001,1752624000000
2025-07-17 00:00:00+00:00,0.0001,1752710400000
2025-07-18 00:00:00+00:00,0.0001,1752796800000
2025-07-19 00:00:00+00:00,0.0001,1752883200000
2025-07-20 00:00:00+00:00,0.0001,1752969600000
2025-07-21 00:00:00+00:00,0.0001,1753056000000
2025-07-22 00:00:00+00:00,0.0001,1753142400000
2025-07-23 00:00:00+00:00,0.0001,1753228800000
2025-07-24 00:00:00+00:00,0.0001,1753315200000
2025-07-25 00:00:00+00:00,0.0001,1753401600000
2025-07-26 00:00:00+00:00,0.0001,1753488000000
2025-07-27 00:00:00+00:00,0.0001,1753574400000
2025-07-28 00:00:00+00:00,0.0001,1753660800000
2025-07-29 00:00:00+00:00,0.0001,1753747200000
2025-07-30 00:00:00+00:00,4.093e-05,1753833600000
2025-07-31 00:00:00+00:00,0.0001,1753920000000
2025-08-01 00:00:00+00:00,-9.92e-05,1754006400000
2025-08-02 00:00:00+00:00,5.899e-05,1754092800000
2025-08-03 00:00:00+00:00,0.0001,1754179200000
2025-08-04 00:00:00+00:00,-3.106e-05,1754265600000
2025-08-05 00:00:00+00:00,2.569e-05,1754352000000
2025-08-06 00:00:00+00:00,-8.71e-06,1754438400000
2025-08-07 00:00:00+00:00,0.0001,1754524800000
2025-08-08 00:00:00+00:00,7.203e-05,1754611200000
2025-08-09 00:00:00+00:00,0.0001,1754697600000
2025-08-10 00:00:00+00:00,0.0001,1754784000000
2025-08-11 00:00:00+00:00,0.0001,1754870400000
2025-08-12 00:00:00+00:00,1.451e-05,1754956800000
2025-08-13 00:00:00+00:00,0.0001,1755043200000
2025-08-14 00:00:00+00:00,0.0001,1755129600000
2025-08-15 00:00:00+00:00,0.0001,1755216000000
2025-08-16 00:00:00+00:00,6.633e-05,1755302400000
2025-08-17 00:00:00+00:00,6.334e-05,1755388800000
2025-08-18 00:00:00+00:00,6.779e-05,1755475200000
2025-08-19 00:00:00+00:00,0.0001,1755561600000
2025-08-20 00:00:00+00:00,0.0001,1755648000000
2025-08-21 00:00:00+00:00,4.986e-05,1755734400000
2025-08-22 00:00:00+00:00,9.019e-05,1755820800000
2025-08-23 00:00:00+00:00,0.0001,1755907200000
2025-08-24 00:00:00+00:00,9.281e-05,1755993600000
2025-08-25 00:00:00+00:00,0.0001,1756080000000
2025-08-26 00:00:00+00:00,-7.169e-05,1756166400000
2025-08-27 00:00:00+00:00,-3.103e-05,1756252800000
2025-08-28 00:00:00+00:00,-4.41e-05,1756339200000
2025-08-29 00:00:00+00:00,-6.272e-05,1756425600000
2025-08-30 00:00:00+00:00,9.984e-05,1756512000000
2025-08-31 00:00:00+00:00,6.017e-05,1756598400000
2025-09-01 00:00:00+00:00,1.043e-05,1756684800000
2025-09-02 00:00:00+00:00,4.259e-05,1756771200000
2025-09-03 00:00:00+00:00,8.137e-05,1756857600000
2025-09-04 00:00:00+00:00,5.359e-05,1756944000000
2025-09-05 00:00:00+00:00,-3.325e-05,1757030400000
2025-09-06 00:00:00+00:00,7.989e-05,1757116800000
2025-09-07 00:00:00+00:00,0.0001,1757203200000
2025-09-08 00:00:00+00:00,0.0001,1757289600000
2025-09-09 00:00:00+00:00,7.2e-05,1757376000000
2025-09-10 00:00:00+00:00,8.378e-05,1757462400000
2025-09-11 00:00:00+00:00,1.631e-05,1757548800000
2025-09-12 00:00:00+00:00,0.0001,1757635200000
2025-09-13 00:00:00+00:00,0.0001,1757721600000
2025-09-14 00:00:00+00:00,0.0001,1757808000000
2025-09-15 00:00:00+00:00,0.0001,1757894400000
2025-09-16 00:00:00+00:00,0.0001,1757980800000
2025-09-17 00:00:00+00:00,0.0001,1758067200000
2025-09-18 00:00:00+00:00,0.0001,1758153600000
2025-09-19 00:00:00+00:00,3.051e-05,1758240000000
2025-09-20 00:00:00+00:00,0.0001,1758326400000
2025-09-21 00:00:00+00:00,0.0001,1758412800000
2025-09-22 00:00:00+00:00,0.0001,1758499200000
2025-09-23 00:00:00+00:00,-6.111e-05,1758585600000
2025-09-24 00:00:00+00:00,8.676e-05,1758672000000
2025-09-25 00:00:00+00:00,-0.00011015,1758758400000
2025-09-26 00:00:00+00:00,4.059e-05,1758844800000
2025-09-27 00:00:00+00:00,-2.196e-05,1758931200000
2025-09-28 00:00:00+00:00,5.905e-05,1759017600000
2025-09-29 00:00:00+00:00,-4.749e-05,1759104000000
2025-09-30 00:00:00+00:00,1.31e-05,1759190400000
2025-10-01 00:00:00+00:00,0.0001,1759276800000
2025-10-02 00:00:00+00:00,5.724e-05,1759363200000
2025-10-03 00:00:00+00:00,-4.79e-06,1759449600000
2025-10-04 00:00:00+00:00,7.616e-05,1759536000000
2025-10-05 00:00:00+00:00,0.0001,1759622400000
2025-10-06 00:00:00+00:00,6.715e-05,1759708800000
2025-10-07 00:00:00+00:00,0.0001,1759795200000
2025-10-08 00:00:00+00:00,0.0001,1759881600000
2025-10-09 00:00:00+00:00,0.0001,1759968000000
2025-10-10 00:00:00+00:00,0.0001,1760054400000
2025-10-11 00:00:00+00:00,-0.00117719,1760140800000
2025-10-12 00:00:00+00:00,-0.00010678,1760227200000
2025-10-13 00:00:00+00:00,1.204e-05,1760313600000
2025-10-14 00:00:00+00:00,6.574e-05,1760400000000
2025-10-15 00:00:00+00:00,0.0001,1760486400000
2025-10-16 00:00:00+00:00,-7.368e-05,1760572800000
2025-10-17 00:00:00+00:00,2.001e-05,1760659200000
2025-10-18 00:00:00+00:00,-6.89e-06,1760745600000
2025-10-19 00:00:00+00:00,5.69e-05,1760832000000
2025-10-20 00:00:00+00:00,8.568e-05,1760918400000
2025-10-21 00:00:00+00:00,0.0001,1761004800000
2025-10-22 00:00:00+00:00,-4.209e-05,1761091200000
2025-10-23 00:00:00+00:00,-1.522e-05,1761177600000
2025-10-24 00:00:00+00:00,-1.509e-05,1761264000000
2025-10-25 00:00:00+00:00,0.0001,1761350400000
2025-10-26 00:00:00+00:00,0.0001,1761436800000
2025-10-27 00:00:00+00:00,0.0001,1761523200000
2025-10-28 00:00:00+00:00,-2.512e-05,1761609600000
2025-10-29 00:00:00+00:00,-6.695e-05,1761696000000
2025-10-30 00:00:00+00:00,-2.879e-05,1761782400000
2025-10-31 00:00:00+00:00,-4.735e-05,1761868800000
2025-11-01 00:00:00+00:00,-5.527e-05,1761955200000
2025-11-02 00:00:00+00:00,1.479e-05,1762041600000
2025-11-03 00:00:00+00:00,7.152e-05,1762128000000
2025-11-04 00:00:00+00:00,-2.482e-05,1762214400000
2025-11-05 00:00:00+00:00,1.979e-05,1762300800000
2025-11-06 00:00:00+00:00,-7.917e-05,1762387200000
2025-11-07 00:00:00+00:00,-6.053e-05,1762473600000
2025-11-08 00:00:00+00:00,3.524e-05,1762560000000
2025-11-09 00:00:00+00:00,-3.8e-06,1762646400000
2025-11-10 00:00:00+00:00,0.0001,1762732800000
2025-11-11 00:00:00+00:00,1.12e-06,1762819200000
2025-11-12 00:00:00+00:00,-2.02e-05,1762905600000
2025-11-13 00:00:00+00:00,-4.174e-05,1762992000000
2025-11-14 00:00:00+00:00,-0.00018125,1763078400000
2025-11-15 00:00:00+00:00,1.513e-05,1763164800000
2025-11-16 00:00:00+00:00,3.8e-06,1763251200000
2025-11-17 00:00:00+00:00,6.917e-05,1763337600000
2025-11-18 00:00:00+00:00,-3.789e-05,1763424000000
2025-11-19 00:00:00+00:00,8.83e-05,1763510400000
2025-11-20 00:00:00+00:00,5.78e-05,1763596800000
2025-11-21 00:00:00+00:00,5.608e-05,1763683200000
2025-11-22 00:00:00+00:00,3.643e-05,1763769600000
2025-11-23 00:00:00+00:00,7.392e-05,1763856000000
2025-11-24 00:00:00+00:00,3.719e-05,1763942400000
2025-11-25 00:00:00+00:00,0.0001,1764028800000
2025-11-26 00:00:00+00:00,8.887e-05,1764115200000
2025-11-27 00:00:00+00:00,6.446e-05,1764201600000
2025-11-28 00:00:00+00:00,3.447e-05,1764288000000
2025-11-29 00:00:00+00:00,-5.012e-05,1764374400000
2025-11-30 00:00:00+00:00,5.188e-05,1764460800000
2025-12-01 00:00:00+00:00,-4.8e-07,1764547200000
2025-12-02 00:00:00+00:00,-3.131e-05,1764633600000
2025-12-03 00:00:00+00:00,5.16e-05,1764720000000
2025-12-04 00:00:00+00:00,8.345e-05,1764806400000
2025-12-05 00:00:00+00:00,1.18e-06,1764892800000
2025-12-06 00:00:00+00:00,-1.433e-05,1764979200000
2025-12-07 00:00:00+00:00,4.71e-06,1765065600000
2025-12-08 00:00:00+00:00,5.588e-05,1765152000000
2025-12-09 00:00:00+00:00,8.612e-05,1765238400000
2025-12-10 00:00:00+00:00,8.51e-06,1765324800000
2025-12-11 00:00:00+00:00,2.388e-05,1765411200000
2025-12-12 00:00:00+00:00,8.302e-05,1765497600000
2025-12-13 00:00:00+00:00,-4.461e-05,1765584000000
2025-12-14 00:00:00+00:00,6.39e-06,1765670400000
2025-12-15 00:00:00+00:00,-3.191e-05,1765756800000
2025-12-16 00:00:00+00:00,1.419e-05,1765843200000
2025-12-17 00:00:00+00:00,2.361e-05,1765929600000
2025-12-18 00:00:00+00:00,-8.033e-05,1766016000000
2025-12-19 00:00:00+00:00,-6.501e-05,1766102400000
2025-12-20 00:00:00+00:00,7.36e-06,1766188800000
2025-12-21 00:00:00+00:00,-4.874e-05,1766275200000
2025-12-22 00:00:00+00:00,4.4e-06,1766361600000
2025-12-23 00:00:00+00:00,-6.867e-05,1766448000000
2025-12-24 00:00:00+00:00,-5.656e-05,1766534400000
2025-12-25 00:00:00+00:00,0.0001,1766620800000
2025-12-26 00:00:00+00:00,2.154e-05,1766707200000
2025-12-27 00:00:00+00:00,-9.59e-06,1766793600000
2025-12-28 00:00:00+00:00,6.968e-05,1766880000000
2025-12-29 00:00:00+00:00,5.918e-05,1766966400000
2025-12-30 00:00:00+00:00,-3.64e-06,1767052800000
2025-12-31 00:00:00+00:00,-4.85e-06,1767139200000
2026-01-01 00:00:00+00:00,0.0001,1767225600000
2026-01-02 00:00:00+00:00,6.187e-05,1767312000000
2026-01-03 00:00:00+00:00,5.255e-05,1767398400000
2026-01-04 00:00:00+00:00,-9.27e-06,1767484800000
2026-01-05 00:00:00+00:00,3.212e-05,1767571200000
2026-01-06 00:00:00+00:00,8.684e-05,1767657600000
2026-01-07 00:00:00+00:00,9.453e-05,1767744000000
2026-01-08 00:00:00+00:00,-6.861e-05,1767830400000
2026-01-09 00:00:00+00:00,0.0001,1767916800000
2026-01-10 00:00:00+00:00,3.377e-05,1768003200000
2026-01-11 00:00:00+00:00,7.847e-05,1768089600000
2026-01-12 00:00:00+00:00,8.804e-05,1768176000000
2026-01-13 00:00:00+00:00,-7.04e-05,1768262400000
2026-01-14 00:00:00+00:00,8.452e-05,1768348800000
2026-01-15 00:00:00+00:00,6.375e-05,1768435200000
2026-01-16 00:00:00+00:00,5.703e-05,1768521600000
2026-01-17 00:00:00+00:00,2.861e-05,1768608000000
2026-01-18 00:00:00+00:00,5.391e-05,1768694400000
2026-01-19 00:00:00+00:00,6.434e-05,1768780800000
2026-01-20 00:00:00+00:00,1.546e-05,1768867200000
2026-01-21 00:00:00+00:00,5.677e-05,1768953600000
2026-01-22 00:00:00+00:00,0.0001,1769040000000
2026-01-23 00:00:00+00:00,2.74e-06,1769126400000
2026-01-24 00:00:00+00:00,3.85e-05,1769212800000
2026-01-25 00:00:00+00:00,9.87e-06,1769299200000
2026-01-26 00:00:00+00:00,-8.44e-05,1769385600000
2026-01-27 00:00:00+00:00,8.006e-05,1769472000000
2026-01-28 00:00:00+00:00,8.296e-05,1769558400000
2026-01-29 00:00:00+00:00,6.804e-05,1769644800000
2026-01-30 00:00:00+00:00,-3.249e-05,1769731200000
2026-01-31 00:00:00+00:00,-7.785e-05,1769817600000
2026-02-01 00:00:00+00:00,-4.705e-05,1769904000000
2026-02-02 00:00:00+00:00,-1.292e-05,1769990400000
2026-02-03 00:00:00+00:00,-8.636e-05,1770076800000
2026-02-04 00:00:00+00:00,2.356e-05,1770163200000
2026-02-05 00:00:00+00:00,0.0001,1770249600000
2026-02-06 00:00:00+00:00,-8.719e-05,1770336000000
2026-02-07 00:00:00+00:00,8.477e-05,1770422400000
2026-02-08 00:00:00+00:00,-1.103e-05,1770508800000
2026-02-09 00:00:00+00:00,-6.184e-05,1770595200000
2026-02-10 00:00:00+00:00,7.336e-05,1770681600000
2026-02-11 00:00:00+00:00,-2.25e-06,1770768000000
2026-02-12 00:00:00+00:00,-1.692e-05,1770854400000
2026-02-13 00:00:00+00:00,-6.724e-05,1770940800000
2026-02-14 00:00:00+00:00,-9.77e-06,1771027200000
2026-02-15 00:00:00+00:00,5.157e-05,1771113600000
2026-02-16 00:00:00+00:00,-1.857e-05,1771200000000
2026-02-17 00:00:00+00:00,6.01e-05,1771286400000
2026-02-18 00:00:00+00:00,6.911e-05,1771372800000
2026-02-19 00:00:00+00:00,-6.374e-05,1771459200000
2026-02-20 00:00:00+00:00,3.476e-05,1771545600000
2026-02-21 00:00:00+00:00,7.419e-05,1771632000000
2026-02-22 00:00:00+00:00,8.187e-05,1771718400000
2026-02-23 00:00:00+00:00,-4.69e-05,1771804800000
2026-02-24 00:00:00+00:00,-2.249e-05,1771891200000
2026-02-25 00:00:00+00:00,-4.87e-06,1771977600000
2026-02-26 00:00:00+00:00,0.0001,1772064000000
2026-02-27 00:00:00+00:00,1.962e-05,1772150400000
2026-02-28 00:00:00+00:00,-6.276e-05,1772236800000
2026-03-01 00:00:00+00:00,3.367e-05,1772323200000
2026-03-02 00:00:00+00:00,4.24e-06,1772409600000
2026-03-03 00:00:00+00:00,0.0001,1772496000000
2026-03-04 00:00:00+00:00,1.935e-05,1772582400000
2026-03-05 00:00:00+00:00,3.022e-05,1772668800000
2026-03-06 00:00:00+00:00,5.956e-05,1772755200000
2026-03-07 00:00:00+00:00,-1.712e-05,1772841600000
2026-03-08 00:00:00+00:00,-3.413e-05,1772928000000
2026-03-09 00:00:00+00:00,-0.00015305,1773014400000
2026-03-10 00:00:00+00:00,1.748e-05,1773100800000
2026-03-11 00:00:00+00:00,1.02e-05,1773187200000
2026-03-12 00:00:00+00:00,2.121e-05,1773273600000
2026-03-13 00:00:00+00:00,2.704e-05,1773360000000
2026-03-14 00:00:00+00:00,1.092e-05,1773446400000
2026-03-15 00:00:00+00:00,-3.817e-05,1773532800000
2026-03-16 00:00:00+00:00,7.782e-05,1773619200000
2026-03-17 00:00:00+00:00,3.371e-05,1773705600000
2026-03-18 00:00:00+00:00,-2.499e-05,1773792000000
2026-03-19 00:00:00+00:00,3.889e-05,1773878400000
2026-03-20 00:00:00+00:00,3.252e-05,1773964800000
2026-03-21 00:00:00+00:00,2.883e-05,1774051200000
2026-03-22 00:00:00+00:00,2.692e-05,1774137600000
2026-03-23 00:00:00+00:00,-2.962e-05,1774224000000
2026-03-24 00:00:00+00:00,4.832e-05,1774310400000
2026-03-25 00:00:00+00:00,5.948e-05,1774396800000
2026-03-26 00:00:00+00:00,4.595e-05,1774483200000
2026-03-27 00:00:00+00:00,-2.48e-06,1774569600000
2026-03-28 00:00:00+00:00,1.695e-05,1774656000000
2026-03-29 00:00:00+00:00,-2.2e-06,1774742400000
2026-03-30 00:00:00+00:00,-9.49e-06,1774828800000
2026-03-31 00:00:00+00:00,2.755e-05,1774915200000
2026-04-01 00:00:00+00:00,6.238e-05,1775001600000
2026-04-02 00:00:00+00:00,-5.324e-05,1775088000000
2026-04-03 00:00:00+00:00,3.243e-05,1775174400000
2026-04-04 00:00:00+00:00,-3.428e-05,1775260800000
2026-04-05 00:00:00+00:00,1.785e-05,1775347200000
2026-04-06 00:00:00+00:00,4.059e-05,1775433600000
2026-04-07 00:00:00+00:00,-9.356e-05,1775520000000
2026-04-08 00:00:00+00:00,0.0001,1775606400000
2026-04-09 00:00:00+00:00,5.194e-05,1775692800000
2026-04-10 00:00:00+00:00,0.0001,1775779200000
2026-04-11 00:00:00+00:00,3.328e-05,1775865600000
2026-04-12 00:00:00+00:00,9.038e-05,1775952000000
2026-04-13 00:00:00+00:00,-2.077e-05,1776038400000
2026-04-14 00:00:00+00:00,8.502e-05,1776124800000
2026-04-15 00:00:00+00:00,-7.969e-05,1776211200000
2026-04-16 00:00:00+00:00,7.443e-05,1776297600000
2026-04-17 00:00:00+00:00,5.099e-05,1776384000000
2026-04-18 00:00:00+00:00,-0.00016286,1776470400000
2026-04-19 00:00:00+00:00,-0.000116,1776556800000
2026-04-20 00:00:00+00:00,-1.194e-05,1776643200000
2026-04-21 00:00:00+00:00,-0.00010327,1776729600000
2026-04-22 00:00:00+00:00,3.33e-06,1776816000000
2026-04-23 00:00:00+00:00,-3.86e-05,1776902400000
2026-04-24 00:00:00+00:00,-2.068e-05,1776988800000
2026-04-25 00:00:00+00:00,3.695e-05,1777075200000
2026-04-26 00:00:00+00:00,9.66e-06,1777161600000
2026-04-27 00:00:00+00:00,7.9e-07,1777248000000
2026-04-28 00:00:00+00:00,-6.621e-05,1777334400000
2026-04-29 00:00:00+00:00,1.073e-05,1777420800000
2026-04-30 00:00:00+00:00,5.104e-05,1777507200000
2026-05-01 00:00:00+00:00,3.096e-05,1777593600000
2026-05-02 00:00:00+00:00,-1.5e-05,1777680000000
2026-05-03 00:00:00+00:00,4.52e-06,1777766400000
2026-05-04 00:00:00+00:00,-6.48e-06,1777852800000
2026-05-05 00:00:00+00:00,-1.497e-05,1777939200000
2026-05-06 00:00:00+00:00,-4.583e-05,1778025600000
2026-05-07 00:00:00+00:00,-2.573e-05,1778112000000
2026-05-08 00:00:00+00:00,5.133e-05,1778198400000
2026-05-09 00:00:00+00:00,9.378e-05,1778284800000
2026-05-10 00:00:00+00:00,2.816e-05,1778371200000
2026-05-11 00:00:00+00:00,4.964e-05,1778457600000
2026-05-12 00:00:00+00:00,3.383e-05,1778544000000
2026-05-13 00:00:00+00:00,2.05e-05,1778630400000
2026-05-14 00:00:00+00:00,5.973e-05,1778716800000
2026-05-15 00:00:00+00:00,2.435e-05,1778803200000
2026-05-16 00:00:00+00:00,6.383e-05,1778889600000
2026-05-17 00:00:00+00:00,6.966e-05,1778976000000
2026-05-18 00:00:00+00:00,-6.29e-06,1779062400000
2026-05-19 00:00:00+00:00,6.923e-05,1779148800000
2026-05-20 00:00:00+00:00,6.206e-05,1779235200000
2026-05-21 00:00:00+00:00,3.736e-05,1779321600000
2026-05-22 00:00:00+00:00,4.26e-05,1779408000000
2026-05-23 00:00:00+00:00,6.956e-05,1779494400000
2026-05-24 00:00:00+00:00,3.141e-05,1779580800000
2026-05-25 00:00:00+00:00,5.137e-05,1779667200000
2026-05-26 00:00:00+00:00,5.8e-05,1779753600000
2026-05-27 00:00:00+00:00,1.199e-05,1779840000000
2026-05-28 00:00:00+00:00,-2.073e-05,1779926400000
2026-05-29 00:00:00+00:00,4.72e-05,1780012800000
2026-05-30 00:00:00+00:00,2.007e-05,1780099200000
2026-05-31 00:00:00+00:00,9.473e-05,1780185600000
2026-06-01 00:00:00+00:00,7.484e-05,1780272000000
2026-06-02 00:00:00+00:00,0.0001,1780358400000
2026-06-03 00:00:00+00:00,-4.82e-06,1780444800000
2026-06-04 00:00:00+00:00,6.677e-05,1780531200000
2026-06-05 00:00:00+00:00,-1.296e-05,1780617600000
2026-06-06 00:00:00+00:00,-1.602e-05,1780704000000
2026-06-07 00:00:00+00:00,-5.333e-05,1780790400000
2026-06-08 00:00:00+00:00,-6.1e-05,1780876800000
2026-06-09 00:00:00+00:00,-9.635e-05,1780963200000
2026-06-10 00:00:00+00:00,1.873e-05,1781049600000
2026-06-11 00:00:00+00:00,-4.124e-05,1781136000000
2026-06-12 00:00:00+00:00,4.171e-05,1781222400000
2026-06-13 00:00:00+00:00,-6.68e-06,1781308800000
2026-06-14 00:00:00+00:00,9.95e-06,1781395200000
2026-06-15 00:00:00+00:00,5.909e-05,1781481600000
2026-06-16 00:00:00+00:00,3.068e-05,1781568000000
2026-06-17 00:00:00+00:00,9.887e-05,1781654400000
2026-06-18 00:00:00+00:00,9.18e-06,1781740800000
2026-06-19 00:00:00+00:00,7.51e-05,1781827200000
2026-06-20 00:00:00+00:00,2.49e-06,1781913600000
2026-06-21 00:00:00+00:00,7.965e-05,1782000000000
2026-06-22 00:00:00+00:00,-5.183e-05,1782086400000
2026-06-23 00:00:00+00:00,-2.336e-05,1782172800000
2026-06-24 00:00:00+00:00,-2.672e-05,1782259200000
2026-06-25 00:00:00+00:00,1.31e-06,1782345600000
2026-06-26 00:00:00+00:00,7.3e-06,1782432000000
2026-06-27 00:00:00+00:00,1.683e-05,1782518400000
2026-06-28 00:00:00+00:00,-3.906e-05,1782604800000
2026-06-29 00:00:00+00:00,-2.896e-05,1782691200000
2026-06-30 00:00:00+00:00,4.858e-05,1782777600000
2026-07-01 00:00:00+00:00,7.185e-05,1782864000000
2026-07-02 00:00:00+00:00,8.535e-05,1782950400000
2026-07-03 00:00:00+00:00,9.4e-06,1783036800000
2026-07-04 00:00:00+00:00,3.129e-05,1783123200000
2026-07-05 00:00:00+00:00,3.938e-05,1783209600000
2026-07-06 00:00:00+00:00,8.352e-05,1783296000000
2026-07-07 00:00:00+00:00,0.0001,1783382400000
2026-07-08 00:00:00+00:00,3.28e-06,1783468800000
2026-07-09 00:00:00+00:00,4.966e-05,1783555200000
2026-07-10 00:00:00+00:00,1.575e-05,1783641600000
2026-07-11 00:00:00+00:00,3.743e-05,1783728000000
2026-07-12 00:00:00+00:00,2.3e-06,1783814400000
2026-07-13 00:00:00+00:00,2.797e-05,1783900800000
2026-07-14 00:00:00+00:00,-4.79e-06,1783987200000
2026-07-15 00:00:00+00:00,6.612e-05,1784073600000
2026-07-16 00:00:00+00:00,2.206e-05,1784160000000
2026-07-17 00:00:00+00:00,4.53e-05,1784246400000
2026-07-18 00:00:00+00:00,1.83e-05,1784332800000
2026-07-19 00:00:00+00:00,3.476e-05,1784419200000
2026-07-20 00:00:00+00:00,6.325e-05,1784505600000
2026-07-21 00:00:00+00:00,4.215e-05,1784592000000
2026-07-22 00:00:00+00:00,2.594e-05,1784678400000
2026-07-23 00:00:00+00:00,-3.19e-06,1784764800000
2026-07-24 00:00:00+00:00,-1.694e-05,1784851200000
2026-07-25 00:00:00+00:00,4.002e-05,1784937600000
2026-07-26 00:00:00+00:00,1.161e-05,1785024000000
2026-07-27 00:00:00+00:00,7.711e-05,1785110400000
2026-07-28 00:00:00+00:00,-9.56e-06,1785196800000
2026-07-29 00:00:00+00:00,4.791e-05,1785283200000
2026-07-30 00:00:00+00:00,0.0001,1785369600000
2026-07-31 00:00:00+00:00,0.0001,1785456000000
2026-08-01 00:00:00+00:00,-1.429e-05,1785542400000
2026-08-02 00:00:00+00:00,3.61e-06,1785628800000
2026-08-03 00:00:00+00:00,5.325e-05,1785715200000
2026-08-04 00:00:00+00:00,3.981e-05,1785801600000
2026-08-05 00:00:00+00:00,2.137e-05,1785888000000
2026-08-06 00:00:00+00:00,2.494e-05,1785974400000
2026-08-07 00:00:00+00:00,-1.605e-05,1786060800000
2026-08-08 00:00:00+00:00,-2.018e-05,1786147200000
2026-08-09 00:00:00+00:00,3.134e-05,1786233600000
2026-08-10 00:00:00+00:00,5.094e-05,1786320000000
2026-08-11 00:00:00+00:00,3.043e-05,1786406400000
2026-08-12 00:00:00+00:00,8.25e-05,1786492800000
2026-08-13 00:00:00+00:00,7.29e-05,1786579200000
2026-08-14 00:00:00+00:00,5.399e-05,1786665600000
2026-08-15 00:00:00+00:00,9.74e-06,1786752000000
2026-08-16 00:00:00+00:00,3.929e-05,1786838400000
2026-08-17 00:00:00+00:00,2.996e-05,1786924800000
2026-08-18 00:00:00+00:00,7.244e-05,1787011200000
2026-08-19 00:00:00+00:00,5.197e-05,1787097600000
2026-08-20 00:00:00+00:00,0.0001,1787184000000
2026-08-21 00:00:00+00:00,7.461e-05,1787270400000
2026-08-22 00:00:00+00:00,0.0001,1787356800000
2026-08-23 00:00:00+00:00,0.0001,1787443200000
