date,funding_rate_last,funding_rate_mean,funding_rate_sum,event_count
2023-05-03 00:00:00+00:00,-0.00458561,-0.002242805,-0.00448561,2
2023-05-04 00:00:00+00:00,-0.00577851,-0.0071709899999999995,-0.02151297,3
2023-05-05 00:00:00+00:00,-0.0100344,-0.006317506666666667,-0.01895252,3
2023-05-06 00:00:00+00:00,0.0001,0.0001,0.00030000000000000003,3
2023-05-07 00:00:00+00:00,0.0001,0.0001,0.00030000000000000003,3
2023-05-08 00:00:00+00:00,0.00028487,0.00016162333333333333,0.00048487,3
2023-05-09 00:00:00+00:00,0.0001,0.00011768333333333335,0.00035305000000000004,3
2023-05-10 00:00:00+00:00,0.0001,0.0001,0.00030000000000000003,3
2023-05-11 00:00:00+00:00,0.0001,0.0001,0.00030000000000000003,3
2023-05-12 00:00:00+00:00,0.0001,0.0001,0.00030000000000000003,3
2023-05-13 00:00:00+00:00,-0.00174227,-0.0008200333333333332,-0.0024601,3
2023-05-14 00:00:00+00:00,-0.00079453,-0.0010599766666666668,-0.00317993,3
2023-05-15 00:00:00+00:00,-0.00016951,-0.00026662666666666665,-0.00079988,3
2023-05-16 00:00:00+00:00,-0.00017336,-0.0001383966666666667,-0.00041519000000000007,3
2023-05-17 00:00:00+00:00,4.8e-06,-0.00014609333333333332,-0.00043828,3
2023-05-18 00:00:00+00:00,0.0001,0.0001,0.00030000000000000003,3
2023-05-19 00:00:00+00:00,0.0001,0.0001,0.00030000000000000003,3
2023-05-20 00:00:00+00:00,0.0001,0.0001,0.00030000000000000003,3
2023-05-21 00:00:00+00:00,0.0001,0.0001,0.00030000000000000003,3
2023-05-22 00:00:00+00:00,0.0001,0.0001,0.00030000000000000003,3
2023-05-23 00:00:00+00:00,0.0001,0.0001,0.00030000000000000003,3
2023-05-24 00:00:00+00:00,0.0001,0.0001,0.00030000000000000003,3
2023-05-25 00:00:00+00:00,0.0001,0.0001,0.00030000000000000003,3
2023-05-26 00:00:00+00:00,0.0001,0.0001,0.00030000000000000003,3
2023-05-27 00:00:00+00:00,0.0001,0.0001,0.00030000000000000003,3
2023-05-28 00:00:00+00:00,0.0001,0.0001,0.00030000000000000003,3
2023-05-29 00:00:00+00:00,0.0001,0.0001,0.00030000000000000003,3
2023-05-30 00:00:00+00:00,0.0001,0.0001,0.00030000000000000003,3
2023-05-31 00:00:00+00:00,0.0001,0.0001,0.00030000000000000003,3
2023-06-01 00:00:00+00:00,0.0001,0.0001,0.00030000000000000003,3
2023-06-02 00:00:00+00:00,0.0001,0.0001,0.00030000000000000003,3
2023-06-03 00:00:00+00:00,0.0001,0.0001,0.00030000000000000003,3
2023-06-04 00:00:00+00:00,0.0001,0.0001,0.00030000000000000003,3
2023-06-05 00:00:00+00:00,0.0001,0.0001,0.00030000000000000003,3
2023-06-06 00:00:00+00:00,8.787e-05,9.595666666666667e-05,0.00028787,3
2023-06-07 00:00:00+00:00,0.0001,0.0001,0.00030000000000000003,3
2023-06-08 00:00:00+00:00,0.0001,0.0001,0.00030000000000000003,3
2023-06-09 00:00:00+00:00,0.0001,0.0001,0.00030000000000000003,3
2023-06-10 00:00:00+00:00,-6.327e-05,4.557666666666667e-05,0.00013673,3
2023-06-11 00:00:00+00:00,0.0001,4.493666666666667e-05,0.00013481000000000002,3
2023-06-12 00:00:00+00:00,8.439e-05,5.006e-05,0.00015018,3
2023-06-13 00:00:00+00:00,0.0001,0.0001,0.00030000000000000003,3
2023-06-14 00:00:00+00:00,0.0001,0.0001,0.00030000000000000003,3
2023-06-15 00:00:00+00:00,3.765e-05,7.921666666666666e-05,0.00023765,3
2023-06-16 00:00:00+00:00,0.0001,0.0001,0.00030000000000000003,3
2023-06-17 00:00:00+00:00,0.0001,0.0001,0.00030000000000000003,3
2023-06-18 00:00:00+00:00,0.0001,0.0001,0.00030000000000000003,3
2023-06-19 00:00:00+00:00,0.0001,0.0001,0.00030000000000000003,3
2023-06-20 00:00:00+00:00,3.518e-05,7.646e-05,0.00022938,3
2023-06-21 00:00:00+00:00,0.0001,0.0001,0.00030000000000000003,3
2023-06-22 00:00:00+00:00,0.0001,0.0001,0.00030000000000000003,3
2023-06-23 00:00:00+00:00,0.0001,9.000666666666666e-05,0.00027002,3
2023-06-24 00:00:00+00:00,0.0001,0.0001,0.00030000000000000003,3
2023-06-25 00:00:00+00:00,0.0001,0.0001,0.00030000000000000003,3
2023-06-26 00:00:00+00:00,0.0001,0.0001,0.00030000000000000003,3
2023-06-27 00:00:00+00:00,0.0001,0.0001,0.00030000000000000003,3
2023-06-28 00:00:00+00:00,0.0001,0.0001,0.00030000000000000003,3
2023-06-29 00:00:00+00:00,0.0001,0.0001,0.00030000000000000003,3
2023-06-30 00:00:00+00:00,0.0001,0.0001,0.00030000000000000003,3
2023-07-01 00:00:00+00:00,0.0001,0.0001,0.00030000000000000003,3
2023-07-02 00:00:00+00:00,0.0001,0.0001,0.00030000000000000003,3
2023-07-03 00:00:00+00:00,0.0001,0.0001,0.00030000000000000003,3
2023-07-04 00:00:00+00:00,0.0001,0.0001,0.00030000000000000003,3
2023-07-05 00:00:00+00:00,0.0001,0.0001,0.00030000000000000003,3
2023-07-06 00:00:00+00:00,0.0001,0.0001,0.00030000000000000003,3
2023-07-07 00:00:00+00:00,-7.133e-05,1.8466666666666681e-06,5.5400000000000046e-06,3
2023-07-08 00:00:00+00:00,0.0001,0.0001,0.00030000000000000003,3
2023-07-09 00:00:00+00:00,0.0001,0.0001,0.00030000000000000003,3
2023-07-10 00:00:00+00:00,-3.759e-05,5.413666666666667e-05,0.00016241,3
2023-07-11 00:00:00+00:00,0.0001,0.0001,0.00030000000000000003,3
2023-07-12 00:00:00+00:00,0.0001,0.0001,0.00030000000000000003,3
2023-07-13 00:00:00+00:00,0.0001,6.046e-05,0.00018138,3
2023-07-14 00:00:00+00:00,0.0003951,0.0004765866666666667,0.00142976,3
2023-07-15 00:00:00+00:00,0.0001,0.0001,0.00030000000000000003,3
2023-07-16 00:00:00+00:00,0.0001,0.0001,0.00030000000000000003,3
2023-07-17 00:00:00+00:00,0.0001,7.391666666666667e-05,0.00022175,3
2023-07-18 00:00:00+00:00,0.0001,0.0001,0.00030000000000000003,3
2023-07-19 00:00:00+00:00,0.0001,0.0001,0.00030000000000000003,3
2023-07-20 00:00:00+00:00,0.0001,0.0001,0.00030000000000000003,3
2023-07-21 00:00:00+00:00,0.0001,0.0001,0.00030000000000000003,3
2023-07-22 00:00:00+00:00,0.0001,0.0001,0.00030000000000000003,3
2023-07-23 00:00:00+00:00,0.0001,0.0001,0.00030000000000000003,3
2023-07-24 00:00:00+00:00,8.53e-05,9.51e-05,0.0002853,3
2023-07-25 00:00:00+00:00,0.0001,-7.497666666666666e-05,-0.00022493,3
2023-07-26 00:00:00+00:00,0.0001,0.0001,0.00030000000000000003,3
2023-07-27 00:00:00+00:00,0.0001,-8.114333333333333e-05,-0.00024343,3
2023-07-28 00:00:00+00:00,0.0001,9.232333333333334e-05,0.00027697,3
2023-07-29 00:00:00+00:00,0.0001,5.478000000000001e-05,0.00016434000000000002,3
2023-07-30 00:00:00+00:00,0.0001,8.670333333333335e-05,0.00026011000000000003,3
2023-07-31 00:00:00+00:00,0.0001,0.0001,0.00030000000000000003,3
2023-08-01 00:00:00+00:00,0.0001,5.2323333333333334e-05,0.00015697,3
2023-08-02 00:00:00+00:00,0.0001,0.0001,0.00030000000000000003,3
2023-08-03 00:00:00+00:00,0.0001,0.0001,0.00030000000000000003,3
2023-08-04 00:00:00+00:00,0.0001,0.0001,0.00030000000000000003,3
2023-08-05 00:00:00+00:00,0.0001,0.0001,0.00030000000000000003,3
2023-08-06 00:00:00+00:00,0.0001,0.0001,0.00030000000000000003,3
2023-08-07 00:00:00+00:00,0.0001,0.0001,0.00030000000000000003,3
2023-08-08 00:00:00+00:00,0.0001,0.0001,0.00030000000000000003,3
2023-08-09 00:00:00+00:00,0.0001,0.0001,0.00030000000000000003,3
2023-08-10 00:00:00+00:00,0.0001,0.0001,0.00030000000000000003,3
2023-08-11 00:00:00+00:00,0.0001,4.9080000000000004e-05,0.00014724,3
2023-08-12 00:00:00+00:00,0.0001,0.0001,0.00030000000000000003,3
2023-08-13 00:00:00+00:00,0.0001,0.0001,0.00030000000000000003,3
2023-08-14 00:00:00+00:00,0.0001,0.0001,0.00030000000000000003,3
2023-08-15 00:00:00+00:00,0.0001,0.0001,0.00030000000000000003,3
2023-08-16 00:00:00+00:00,0.0001,0.0001,0.00030000000000000003,3
2023-08-17 00:00:00+00:00,0.0001,0.0001,0.00030000000000000003,3
2023-08-18 00:00:00+00:00,0.0001,-0.00010244000000000002,-0.00030732000000000003,3
2023-08-19 00:00:00+00:00,-4.902e-05,-4.833666666666667e-05,-0.00014501,3
2023-08-20 00:00:00+00:00,0.0001,-5.654666666666666e-05,-0.00016963999999999998,3
2023-08-21 00:00:00+00:00,0.0001,0.0001,0.00030000000000000003,3
2023-08-22 00:00:00+00:00,7.939e-05,4.839999999999997e-06,1.451999999999999e-05,3
2023-08-23 00:00:00+00:00,2.585e-05,-1.8743333333333327e-05,-5.622999999999998e-05,3
2023-08-24 00:00:00+00:00,0.0001,6.287333333333334e-05,0.00018862000000000002,3
2023-08-25 00:00:00+00:00,-0.0012995,-0.00099829,-0.00299487,3
2023-08-26 00:00:00+00:00,-0.00034311,-0.0004325466666666667,-0.00129764,3
2023-08-27 00:00:00+00:00,0.0001,-0.00012765333333333333,-0.00038296,3
2023-08-28 00:00:00+00:00,0.0001,0.0001,0.00030000000000000003,3
2023-08-29 00:00:00+00:00,4.356e-05,2.1453333333333337e-05,6.436000000000001e-05,3
2023-08-30 00:00:00+00:00,0.0001,0.0001,0.00030000000000000003,3
2023-08-31 00:00:00+00:00,2.311e-05,4.8943333333333336e-05,0.00014683,3
2023-09-01 00:00:00+00:00,0.0001,-0.00019648,-0.00058944,3
2023-09-02 00:00:00+00:00,9.402e-05,8.154333333333334e-05,0.00024463,3
2023-09-03 00:00:00+00:00,-4.956e-05,5.0146666666666665e-05,0.00015044,3
2023-09-04 00:00:00+00:00,0.0001,0.0001,0.00030000000000000003,3
2023-09-05 00:00:00+00:00,6.137e-05,8.712333333333335e-05,0.00026137,3
2023-09-06 00:00:00+00:00,-2.339e-05,5.8870000000000004e-05,0.00017661,3
2023-09-07 00:00:00+00:00,0.0001,0.0001,0.00030000000000000003,3
2023-09-08 00:00:00+00:00,0.0001,0.0001,0.00030000000000000003,3
2023-09-09 00:00:00+00:00,0.00030618,0.00012472333333333335,0.00037417000000000006,3
2023-09-10 00:00:00+00:00,-0.00026724,-0.00017028666666666668,-0.00051086,3
2023-09-11 00:00:00+00:00,-8.842e-05,-0.00013996666666666666,-0.0004199,3
2023-09-12 00:00:00+00:00,0.0001,6.478e-05,0.00019433999999999999,3
2023-09-13 00:00:00+00:00,0.0001,4.087333333333334e-05,0.00012262000000000002,3
2023-09-14 00:00:00+00:00,0.0001,4.3496666666666666e-05,0.00013049,3
2023-09-15 00:00:00+00:00,0.0001,-1.7296666666666663e-05,-5.188999999999999e-05,3
2023-09-16 00:00:00+00:00,4.274e-05,8.091333333333334e-05,0.00024274000000000002,3
2023-09-17 00:00:00+00:00,-0.00015326,-0.00011033,-0.00033099,3
2023-09-18 00:00:00+00:00,0.0001,-0.00022040333333333328,-0.0006612099999999999,3
2023-09-19 00:00:00+00:00,0.0001,2.948e-05,8.844e-05,3
2023-09-20 00:00:00+00:00,-0.00020549,-1.8300000000000011e-06,-5.490000000000003e-06,3
2023-09-21 00:00:00+00:00,-0.00021662,2.9643333333333335e-05,8.893e-05,3
2023-09-22 00:00:00+00:00,0.0001,-8.188e-05,-0.00024564,3
2023-09-23 00:00:00+00:00,0.00028997,0.00015335666666666667,0.00046007000000000003,3
2023-09-24 00:00:00+00:00,0.0001,0.00019394666666666668,0.00058184,3
2023-09-25 00:00:00+00:00,0.0001,0.0001,0.00030000000000000003,3
2023-09-26 00:00:00+00:00,0.0001,3.068666666666667e-05,9.206000000000001e-05,3
2023-09-27 00:00:00+00:00,0.0001,9.286333333333333e-05,0.00027859,3
2023-09-28 00:00:00+00:00,-3e-05,5.666666666666667e-05,0.00017,3
2023-09-29 00:00:00+00:00,0.0001,0.0001,0.00030000000000000003,3
2023-09-30 00:00:00+00:00,0.0001,0.0001,0.00030000000000000003,3
2023-10-01 00:00:00+00:00,0.0001,0.0001,0.00030000000000000003,3
2023-10-02 00:00:00+00:00,0.0001,0.0001,0.00030000000000000003,3
2023-10-03 00:00:00+00:00,8.301e-05,-0.00014646,-0.00043938,3
2023-10-04 00:00:00+00:00,0.0001,3.607666666666667e-05,0.00010823000000000001,3
2023-10-05 00:00:00+00:00,-0.0003385,-0.00025308666666666666,-0.00075926,3
2023-10-06 00:00:00+00:00,7.829e-05,9.276333333333333e-05,0.00027829,3
2023-10-07 00:00:00+00:00,-6.509e-05,-0.00010504666666666666,-0.00031514,3
2023-10-08 00:00:00+00:00,0.0001,1.873333333333339e-06,5.620000000000017e-06,3
2023-10-09 00:00:00+00:00,-0.00032953,-0.00013841666666666668,-0.00041525000000000004,3
2023-10-10 00:00:00+00:00,-2.636e-05,-0.00011622666666666666,-0.00034868,3
2023-10-11 00:00:00+00:00,0.0001,9.180333333333334e-05,0.00027541,3
2023-10-12 00:00:00+00:00,0.0001,0.0001,0.00030000000000000003,3
2023-10-13 00:00:00+00:00,4.193e-05,5.461666666666667e-05,0.00016385,3
2023-10-14 00:00:00+00:00,2.472e-05,7.806666666666668e-06,2.3420000000000003e-05,3
2023-10-15 00:00:00+00:00,0.0001,9.687333333333334e-05,0.00029062,3
2023-10-16 00:00:00+00:00,0.0001,9.088666666666666e-05,0.00027266,3
2023-10-17 00:00:00+00:00,1.841e-05,7.280333333333333e-05,0.00021841000000000002,3
2023-10-18 00:00:00+00:00,-3.606e-05,3.399333333333333e-05,0.00010198,3
2023-10-19 00:00:00+00:00,0.0001,8.458e-05,0.00025374,3
2023-10-20 00:00:00+00:00,0.0001,9.813666666666667e-05,0.00029441,3
2023-10-21 00:00:00+00:00,0.0001,0.0001,0.00030000000000000003,3
2023-10-22 00:00:00+00:00,0.0001,0.0001,0.00030000000000000003,3
2023-10-23 00:00:00+00:00,0.0001,0.0001,0.00030000000000000003,3
2023-10-24 00:00:00+00:00,0.0001,0.0001,0.00030000000000000003,3
2023-10-25 00:00:00+00:00,0.0001,0.0001,0.00030000000000000003,3
2023-10-26 00:00:00+00:00,0.0001,0.0001,0.00030000000000000003,3
2023-10-27 00:00:00+00:00,0.0001,0.0001,0.00030000000000000003,3
2023-10-28 00:00:00+00:00,0.0001,0.00015959,0.00047877,3
2023-10-29 00:00:00+00:00,0.00021616,0.00013872,0.00041616,3
2023-10-30 00:00:00+00:00,0.00037073,0.0002447966666666667,0.00073439,3
2023-10-31 00:00:00+00:00,0.0001,0.00011885,0.00035655,3
2023-11-01 00:00:00+00:00,0.0001,0.0001,0.00030000000000000003,3
2023-11-02 00:00:00+00:00,0.0001,0.00025656,0.00076968,3
2023-11-03 00:00:00+00:00,0.0001,0.0001,0.00030000000000000003,3
2023-11-04 00:00:00+00:00,0.0001,0.0001,0.00030000000000000003,3
2023-11-05 00:00:00+00:00,0.0001,0.0001,0.00030000000000000003,3
2023-11-06 00:00:00+00:00,0.00042511,0.0002879566666666667,0.0008638700000000001,3
2023-11-07 00:00:00+00:00,0.00017033,0.00026441,0.00079323,3
2023-11-08 00:00:00+00:00,0.00030309,0.00024778333333333333,0.00074335,3
2023-11-09 00:00:00+00:00,0.00058274,0.0005164433333333334,0.00154933,3
2023-11-10 00:00:00+00:00,0.0001,0.0001,0.00030000000000000003,3
2023-11-11 00:00:00+00:00,0.00068583,0.00042631000000000006,0.0012789300000000002,3
2023-11-12 00:00:00+00:00,0.00042101,0.00029694333333333335,0.00089083,3
2023-11-13 00:00:00+00:00,0.00041757,0.0003807466666666667,0.00114224,3
2023-11-14 00:00:00+00:00,0.0001,0.0001,0.00030000000000000003,3
2023-11-15 00:00:00+00:00,0.00020931,0.00015612,0.00046835999999999997,3
2023-11-16 00:00:00+00:00,0.0001,0.00031031,0.0009309300000000001,3
2023-11-17 00:00:00+00:00,0.0001,0.0001,0.00030000000000000003,3
2023-11-18 00:00:00+00:00,0.0001,0.0001,0.00030000000000000003,3
2023-11-19 00:00:00+00:00,0.0001,0.0001,0.00030000000000000003,3
2023-11-20 00:00:00+00:00,0.00017409,0.00020009666666666664,0.00060029,3
2023-11-21 00:00:00+00:00,0.0001,0.0001,0.00030000000000000003,3
2023-11-22 00:00:00+00:00,0.0001,0.0001,0.00030000000000000003,3
2023-11-23 00:00:00+00:00,0.0001,0.0001,0.00030000000000000003,3
2023-11-24 00:00:00+00:00,0.0001,0.0001,0.00030000000000000003,3
2023-11-25 00:00:00+00:00,0.0001,0.0001,0.00030000000000000003,3
2023-11-26 00:00:00+00:00,0.00022431,0.00019295666666666666,0.00057887,3
2023-11-27 00:00:00+00:00,0.0001,0.0001,0.00030000000000000003,3
2023-11-28 00:00:00+00:00,0.0001,0.0001,0.00030000000000000003,3
2023-11-29 00:00:00+00:00,0.0001,0.0001,0.00030000000000000003,3
2023-11-30 00:00:00+00:00,0.0001,0.0001,0.00030000000000000003,3
2023-12-01 00:00:00+00:00,0.0001,0.0001,0.00030000000000000003,3
2023-12-02 00:00:00+00:00,0.00021957,0.00013985666666666667,0.00041956999999999997,3
2023-12-03 00:00:00+00:00,0.00031494,0.00038127333333333333,0.00114382,3
2023-12-04 00:00:00+00:00,0.00025281,0.00032632666666666663,0.00097898,3
2023-12-05 00:00:00+00:00,0.00035373,0.00018457666666666666,0.00055373,3
2023-12-06 00:00:00+00:00,0.0001,0.00023362666666666668,0.0007008800000000001,3
2023-12-07 00:00:00+00:00,0.00021432,0.00014981333333333334,0.00044944,3
2023-12-08 00:00:00+00:00,0.00045758,0.00038721666666666666,0.00116165,3
2023-12-09 00:00:00+00:00,0.00086137,0.0007727166666666668,0.00231815,3
2023-12-10 00:00:00+00:00,0.00022906,0.0003867266666666667,0.00116018,3
2023-12-11 00:00:00+00:00,0.0001,0.00022115333333333335,0.00066346,3
2023-12-12 00:00:00+00:00,0.0001,0.0001,0.00030000000000000003,3
2023-12-13 00:00:00+00:00,0.0001,0.0001,0.00030000000000000003,3
2023-12-14 00:00:00+00:00,0.0001,0.0001,0.00030000000000000003,3
2023-12-15 00:00:00+00:00,0.00037537,0.0002598733333333333,0.00077962,3
2023-12-16 00:00:00+00:00,0.00025067,0.00017070666666666668,0.00051212,3
2023-12-17 00:00:00+00:00,0.0001,0.00012078333333333333,0.00036235,3
2023-12-18 00:00:00+00:00,0.0001,0.00011083666666666666,0.00033251,3
2023-12-19 00:00:00+00:00,0.0001,0.0001,0.00030000000000000003,3
2023-12-20 00:00:00+00:00,0.00015668,0.00011889333333333334,0.00035668,3
2023-12-21 00:00:00+00:00,0.00036275,0.00032244,0.00096732,3
2023-12-22 00:00:00+00:00,0.00076711,0.0006357933333333334,0.0019073800000000002,3
2023-12-23 00:00:00+00:00,0.00087413,0.0008565166666666666,0.00256955,3
2023-12-24 00:00:00+00:00,0.00040057,0.0006381733333333334,0.00191452,3
2023-12-25 00:00:00+00:00,0.00047907,0.00051766,0.00155298,3
2023-12-26 00:00:00+00:00,0.00061143,0.0005623033333333334,0.00168691,3
2023-12-27 00:00:00+00:00,0.00063357,0.00037391000000000003,0.00112173,3
2023-12-28 00:00:00+00:00,0.00055485,0.0006423733333333334,0.00192712,3
2023-12-29 00:00:00+00:00,0.00070215,0.0004903233333333333,0.00147097,3
2023-12-30 00:00:00+00:00,0.00041664,0.0004219433333333333,0.00126583,3
2023-12-31 00:00:00+00:00,0.00036294,0.0003248566666666667,0.00097457,3
2024-01-01 00:00:00+00:00,0.0005808,0.00043275999999999997,0.00129828,3
2024-01-02 00:00:00+00:00,0.00099771,0.0008470066666666666,0.0025410199999999997,3
2024-01-03 00:00:00+00:00,0.00013538,0.0004883566666666667,0.00146507,3
2024-01-04 00:00:00+00:00,0.0001,0.0001,0.00030000000000000003,3
2024-01-05 00:00:00+00:00,0.0001,0.0001,0.00030000000000000003,3
2024-01-06 00:00:00+00:00,0.0001,0.0001,0.00030000000000000003,3
2024-01-07 00:00:00+00:00,0.0001,0.0001,0.00030000000000000003,3
2024-01-08 00:00:00+00:00,0.0001,0.0001,0.00030000000000000003,3
2024-01-09 00:00:00+00:00,0.0001,0.0001,0.00030000000000000003,3
2024-01-10 00:00:00+00:00,0.0001,0.0001,0.00030000000000000003,3
2024-01-11 00:00:00+00:00,0.0001,0.0001,0.00030000000000000003,3
2024-01-12 00:00:00+00:00,0.0001,0.0001,0.00030000000000000003,3
2024-01-13 00:00:00+00:00,0.0001,0.0001,0.00030000000000000003,3
2024-01-14 00:00:00+00:00,0.0001,0.0001,0.00030000000000000003,3
2024-01-15 00:00:00+00:00,0.0001,0.0001,0.00030000000000000003,3
2024-01-16 00:00:00+00:00,0.0001,0.0001,0.00030000000000000003,3
2024-01-17 00:00:00+00:00,0.0001,0.0001,0.00030000000000000003,3
2024-01-18 00:00:00+00:00,0.0001,0.0001,0.00030000000000000003,3
2024-01-19 00:00:00+00:00,0.0001,0.0001,0.00030000000000000003,3
2024-01-20 00:00:00+00:00,0.0001,0.0001,0.00030000000000000003,3
2024-01-21 00:00:00+00:00,0.0001,0.0001,0.00030000000000000003,3
2024-01-22 00:00:00+00:00,0.0001,0.0001,0.00030000000000000003,3
2024-01-23 00:00:00+00:00,0.0001,0.0001,0.00030000000000000003,3
2024-01-24 00:00:00+00:00,0.0001,0.0001,0.00030000000000000003,3
2024-01-25 00:00:00+00:00,0.0001,0.0001,0.00030000000000000003,3
2024-01-26 00:00:00+00:00,0.0001,0.0001,0.00030000000000000003,3
2024-01-27 00:00:00+00:00,0.0001,0.0001,0.00030000000000000003,3
2024-01-28 00:00:00+00:00,0.0001,0.0001,0.00030000000000000003,3
2024-01-29 00:00:00+00:00,0.0001,0.0001,0.00030000000000000003,3
2024-01-30 00:00:00+00:00,0.0001,0.0001,0.00030000000000000003,3
2024-01-31 00:00:00+00:00,0.0001,0.0001,0.00030000000000000003,3
2024-02-01 00:00:00+00:00,0.0001,0.0001,0.00030000000000000003,3
2024-02-02 00:00:00+00:00,0.0001,0.0001,0.00030000000000000003,3
2024-02-03 00:00:00+00:00,0.0001,0.0001,0.00030000000000000003,3
2024-02-04 00:00:00+00:00,0.0001,0.0001,0.00030000000000000003,3
2024-02-05 00:00:00+00:00,0.0001,0.0001,0.00030000000000000003,3
2024-02-06 00:00:00+00:00,0.0001,0.0001,0.00030000000000000003,3
2024-02-07 00:00:00+00:00,0.0001,0.0001,0.00030000000000000003,3
2024-02-08 00:00:00+00:00,0.0001,0.0001,0.00030000000000000003,3
2024-02-09 00:00:00+00:00,0.0001,0.0001,0.00030000000000000003,3
2024-02-10 00:00:00+00:00,0.0001,0.0001,0.00030000000000000003,3
2024-02-11 00:00:00+00:00,0.0001,0.0001,0.00030000000000000003,3
2024-02-12 00:00:00+00:00,0.0001,0.0001,0.00030000000000000003,3
2024-02-13 00:00:00+00:00,0.0001,0.0001,0.00030000000000000003,3
2024-02-14 00:00:00+00:00,0.0005104,0.0002495866666666667,0.00074876,3
2024-02-15 00:00:00+00:00,0.00045698,0.0004674666666666667,0.0014024,3
2024-02-16 00:00:00+00:00,0.00011806,0.0003435933333333333,0.00103078,3
2024-02-17 00:00:00+00:00,0.00015643,0.00014107666666666666,0.00042322999999999997,3
2024-02-18 00:00:00+00:00,0.00034384,0.0003031066666666666,0.0009093199999999999,3
2024-02-19 00:00:00+00:00,0.00033044,0.00028644,0.00085932,3
2024-02-20 00:00:00+00:00,0.00016601,0.00031318666666666666,0.00093956,3
2024-02-21 00:00:00+00:00,0.0001,0.00012984333333333333,0.00038953,3
2024-02-22 00:00:00+00:00,0.00024185,0.00014728333333333335,0.00044185000000000003,3
2024-02-23 00:00:00+00:00,0.00035771,0.00029656333333333333,0.0008896900000000001,3
2024-02-24 00:00:00+00:00,0.00015318,0.00013464666666666665,0.00040394,3
2024-02-25 00:00:00+00:00,0.00042798,0.0003698133333333333,0.00110944,3
2024-02-26 00:00:00+00:00,0.00037707,0.00044801666666666667,0.00134405,3
2024-02-27 00:00:00+00:00,0.00094436,0.0009034199999999999,0.00271026,3
2024-02-28 00:00:00+00:00,0.00072367,0.0006913266666666667,0.00207398,3
2024-02-29 00:00:00+00:00,0.00094291,0.0006704266666666666,0.00201128,3
2024-03-01 00:00:00+00:00,0.00083485,0.0008447933333333334,0.00253438,3
2024-03-02 00:00:00+00:00,0.00096018,0.0009528266666666667,0.00285848,3
2024-03-03 00:00:00+00:00,0.00120226,0.0011084066666666667,0.00332522,3
2024-03-04 00:00:00+00:00,0.00122851,0.0012664166666666666,0.0037992499999999997,3
2024-03-05 00:00:00+00:00,0.00220189,0.00184112,0.00552336,3
2024-03-06 00:00:00+00:00,0.0012454,0.0006791533333333333,0.00203746,3
2024-03-07 00:00:00+00:00,0.00060316,0.0006073799999999999,0.0018221399999999999,3
2024-03-08 00:00:00+00:00,0.00139773,0.0012538999999999998,0.0037616999999999998,3
2024-03-09 00:00:00+00:00,0.00075948,0.0008582333333333334,0.0025747,3
2024-03-10 00:00:00+00:00,0.00083576,0.0008917333333333333,0.0026752,3
2024-03-11 00:00:00+00:00,0.00119037,0.0009214399999999999,0.00276432,3
2024-03-12 00:00:00+00:00,0.00083001,0.00088974,0.00266922,3
2024-03-13 00:00:00+00:00,0.00189692,0.00144165,0.00432495,3
2024-03-14 00:00:00+00:00,0.00190927,0.002105263333333333,0.00631579,3
2024-03-15 00:00:00+00:00,0.0001,0.0007217566666666667,0.00216527,3
2024-03-16 00:00:00+00:00,0.00031117,0.00018978,0.00056934,3
2024-03-17 00:00:00+00:00,0.00012777,0.00015945,0.00047835,3
2024-03-18 00:00:00+00:00,0.00027134,0.00016863666666666667,0.00050591,3
2024-03-19 00:00:00+00:00,0.00014447,0.0001912433333333333,0.0005737299999999999,3
2024-03-20 00:00:00+00:00,0.00011898,0.00013576333333333333,0.00040729,3
2024-03-21 00:00:00+00:00,0.00023027,0.00031201,0.00093603,3
2024-03-22 00:00:00+00:00,0.00016004,0.00018897666666666666,0.00056693,3
2024-03-23 00:00:00+00:00,0.000228,0.00018539333333333333,0.00055618,3
2024-03-24 00:00:00+00:00,0.0003374,0.00019490333333333333,0.00058471,3
2024-03-25 00:00:00+00:00,0.00048011,0.00043632333333333334,0.00130897,3
2024-03-26 00:00:00+00:00,0.00045691,0.0006458433333333334,0.00193753,3
2024-03-27 00:00:00+00:00,0.00060631,0.0006273166666666666,0.0018819499999999999,3
2024-03-28 00:00:00+00:00,0.00102481,0.0007282500000000001,0.00218475,3
2024-03-29 00:00:00+00:00,0.00077834,0.0009312266666666666,0.0027936799999999998,3
2024-03-30 00:00:00+00:00,0.00136478,0.00105093,0.00315279,3
2024-03-31 00:00:00+00:00,0.00129508,0.0010352599999999999,0.00310578,3
2024-04-01 00:00:00+00:00,0.00045693,0.0007596033333333333,0.00227881,3
2024-04-02 00:00:00+00:00,0.00011404,0.00023202,0.00069606,3
2024-04-03 00:00:00+00:00,0.00036885,0.00022533666666666667,0.00067601,3
2024-04-04 00:00:00+00:00,0.00027712,0.00019780333333333332,0.0005934099999999999,3
2024-04-05 00:00:00+00:00,0.0001,0.0001,0.00030000000000000003,3
2024-04-06 00:00:00+00:00,0.00020551,0.00014833,0.00044499000000000003,3
2024-04-07 00:00:00+00:00,0.00017911,0.00018028,0.00054084,3
2024-04-08 00:00:00+00:00,0.00062571,0.0003772533333333333,0.0011317599999999999,3
2024-04-09 00:00:00+00:00,0.0003403,0.0005726133333333333,0.00171784,3
2024-04-10 00:00:00+00:00,0.00011247,0.00010415666666666668,0.00031247,3
2024-04-11 00:00:00+00:00,0.0001,0.00021056333333333336,0.0006316900000000001,3
2024-04-12 00:00:00+00:00,0.00016882,0.00030524333333333334,0.00091573,3
2024-04-13 00:00:00+00:00,0.0001,0.0001,0.00030000000000000003,3
2024-04-14 00:00:00+00:00,0.0001,3.216333333333334e-05,9.649e-05,3
2024-04-15 00:00:00+00:00,0.0001,7.322e-05,0.00021966,3
2024-04-16 00:00:00+00:00,0.0001,8.291333333333333e-05,0.00024874,3
2024-04-17 00:00:00+00:00,9.224e-05,8.089666666666666e-05,0.00024269,3
2024-04-18 00:00:00+00:00,0.0001,5.1026666666666664e-05,0.00015308,3
2024-04-19 00:00:00+00:00,0.0001,9.974333333333333e-05,0.00029923,3
2024-04-20 00:00:00+00:00,0.0001,0.0001,0.00030000000000000003,3
2024-04-21 00:00:00+00:00,0.0001,0.0001,0.00030000000000000003,3
2024-04-22 00:00:00+00:00,0.0001,0.0001,0.00030000000000000003,3
2024-04-23 00:00:00+00:00,0.0001,6.591333333333334e-05,0.00019774000000000001,3
2024-04-24 00:00:00+00:00,0.0001,0.0001,0.00030000000000000003,3
2024-04-25 00:00:00+00:00,0.0001,0.0001,0.00030000000000000003,3
2024-04-26 00:00:00+00:00,0.0001,0.0001,0.00030000000000000003,3
2024-04-27 00:00:00+00:00,0.0001,0.0001,0.00030000000000000003,3
2024-04-28 00:00:00+00:00,0.0001,0.0001,0.00030000000000000003,3
2024-04-29 00:00:00+00:00,0.0001,0.0001,0.00030000000000000003,3
2024-04-30 00:00:00+00:00,8.207e-05,9.402333333333335e-05,0.00028207000000000004,3
2024-05-01 00:00:00+00:00,9.254e-05,6.675666666666666e-05,0.00020027,3
2024-05-02 00:00:00+00:00,0.0001,0.0001,0.00030000000000000003,3
2024-05-03 00:00:00+00:00,0.0001,0.0001,0.00030000000000000003,3
2024-05-04 00:00:00+00:00,0.0001,0.0001,0.00030000000000000003,3
2024-05-05 00:00:00+00:00,0.0001,0.00010907333333333334,0.00032722000000000003,3
2024-05-06 00:00:00+00:00,0.0001,0.0001,0.00030000000000000003,3
2024-05-07 00:00:00+00:00,0.0001,0.0001,0.00030000000000000003,3
2024-05-08 00:00:00+00:00,0.0001,0.0001,0.00030000000000000003,3
2024-05-09 00:00:00+00:00,0.0001,8.782666666666668e-05,0.00026348,3
2024-05-10 00:00:00+00:00,0.0001,0.0001,0.00030000000000000003,3
2024-05-11 00:00:00+00:00,9.809e-05,9.276666666666667e-05,0.0002783,3
2024-05-12 00:00:00+00:00,0.0001,6.375666666666667e-05,0.00019127,3
2024-05-13 00:00:00+00:00,0.0001,0.0001,0.00030000000000000003,3
2024-05-14 00:00:00+00:00,0.0001,0.0001,0.00030000000000000003,3
2024-05-15 00:00:00+00:00,0.0001,0.0001,0.00030000000000000003,3
2024-05-16 00:00:00+00:00,0.0001,0.0001,0.00030000000000000003,3
2024-05-17 00:00:00+00:00,0.0001,0.0001,0.00030000000000000003,3
2024-05-18 00:00:00+00:00,0.0001,0.0001,0.00030000000000000003,3
2024-05-19 00:00:00+00:00,0.0001,0.0001,0.00030000000000000003,3
2024-05-20 00:00:00+00:00,0.0001,0.0001,0.00030000000000000003,3
2024-05-21 00:00:00+00:00,0.0006708,0.0008265766666666666,0.00247973,3
2024-05-22 00:00:00+00:00,0.00014238,0.00029112,0.00087336,3
2024-05-23 00:00:00+00:00,0.0001,0.0001709066666666667,0.00051272,3
2024-05-24 00:00:00+00:00,0.0001,0.0001,0.00030000000000000003,3
2024-05-25 00:00:00+00:00,0.00018333,0.00012777666666666666,0.00038333,3
2024-05-26 00:00:00+00:00,0.00031953,0.00017317666666666668,0.00051953,3
2024-05-27 00:00:00+00:00,0.0001,0.0001,0.00030000000000000003,3
2024-05-28 00:00:00+00:00,0.00037564,0.00027620333333333336,0.00082861,3
2024-05-29 00:00:00+00:00,0.00022922,0.0003747866666666666,0.0011243599999999998,3
2024-05-30 00:00:00+00:00,0.0001,0.00027506,0.00082518,3
2024-05-31 00:00:00+00:00,0.0001,0.00010224000000000001,0.00030672,3
2024-06-01 00:00:00+00:00,0.00031498,0.00027047666666666666,0.00081143,3
2024-06-02 00:00:00+00:00,0.00041518,0.0003749933333333333,0.00112498,3
2024-06-03 00:00:00+00:00,0.00047477,0.00035188999999999994,0.0010556699999999999,3
2024-06-04 00:00:00+00:00,0.00036771,0.0002674866666666667,0.0008024600000000001,3
2024-06-05 00:00:00+00:00,0.00030819,0.00033636,0.00100908,3
2024-06-06 00:00:00+00:00,0.0004938,0.0006221033333333333,0.00186631,3
2024-06-07 00:00:00+00:00,0.00036452,0.0004973833333333333,0.0014921499999999998,3
2024-06-08 00:00:00+00:00,0.0001,0.0001,0.00030000000000000003,3
2024-06-09 00:00:00+00:00,0.0001,0.0001,0.00030000000000000003,3
2024-06-10 00:00:00+00:00,0.0001,0.0001,0.00030000000000000003,3
2024-06-11 00:00:00+00:00,0.0001,0.0001,0.00030000000000000003,3
2024-06-12 00:00:00+00:00,0.0001,0.0001,0.00030000000000000003,3
2024-06-13 00:00:00+00:00,0.0001,0.0001,0.00030000000000000003,3
2024-06-14 00:00:00+00:00,0.0001,0.0001,0.00030000000000000003,3
2024-06-15 00:00:00+00:00,0.0001,0.0001,0.00030000000000000003,3
2024-06-16 00:00:00+00:00,0.0001,0.0001,0.00030000000000000003,3
2024-06-17 00:00:00+00:00,0.0001,0.0001,0.00030000000000000003,3
2024-06-18 00:00:00+00:00,0.0001,0.0001,0.00030000000000000003,3
2024-06-19 00:00:00+00:00,0.0001,0.0001,0.00030000000000000003,3
2024-06-20 00:00:00+00:00,-6.91e-06,6.436333333333334e-05,0.00019309,3
2024-06-21 00:00:00+00:00,0.0001,9.019333333333334e-05,0.00027058000000000003,3
2024-06-22 00:00:00+00:00,0.0001,0.0001,0.00030000000000000003,3
2024-06-23 00:00:00+00:00,0.0001,0.0001,0.00030000000000000003,3
2024-06-24 00:00:00+00:00,6.321e-05,7.000666666666666e-05,0.00021002,3
2024-06-25 00:00:00+00:00,0.0001,0.0001,0.00030000000000000003,3
2024-06-26 00:00:00+00:00,0.0001,0.0001,0.00030000000000000003,3
2024-06-27 00:00:00+00:00,0.0001,0.0001,0.00030000000000000003,3
2024-06-28 00:00:00+00:00,0.0001,0.0001,0.00030000000000000003,3
2024-06-29 00:00:00+00:00,8.185e-05,9.395e-05,0.00028185,3
2024-06-30 00:00:00+00:00,0.0001,6.547666666666668e-05,0.00019643000000000001,3
2024-07-01 00:00:00+00:00,0.0001,0.0001,0.00030000000000000003,3
2024-07-02 00:00:00+00:00,0.0001,0.0001,0.00030000000000000003,3
2024-07-03 00:00:00+00:00,0.0001,8.324000000000001e-05,0.00024972000000000004,3
2024-07-04 00:00:00+00:00,3.806e-05,5.998333333333334e-05,0.00017995,3
2024-07-05 00:00:00+00:00,-0.00018885,-2.366666666666667e-05,-7.100000000000002e-05,3
2024-07-06 00:00:00+00:00,0.0001,0.0001,0.00030000000000000003,3
2024-07-07 00:00:00+00:00,0.0001,0.0001,0.00030000000000000003,3
2024-07-08 00:00:00+00:00,0.0001,4.5386666666666664e-05,0.00013616,3
2024-07-09 00:00:00+00:00,0.0001,0.0001,0.00030000000000000003,3
2024-07-10 00:00:00+00:00,0.0001,8.950666666666667e-05,0.00026852,3
2024-07-11 00:00:00+00:00,0.0001,0.0001,0.00030000000000000003,3
2024-07-12 00:00:00+00:00,4.43e-06,-5.096666666666667e-06,-1.529e-05,3
2024-07-13 00:00:00+00:00,1.497e-05,7.165666666666667e-05,0.00021497,3
2024-07-14 00:00:00+00:00,2.162e-05,7.387333333333334e-05,0.00022162,3
2024-07-15 00:00:00+00:00,0.0001,0.0001,0.00030000000000000003,3
2024-07-16 00:00:00+00:00,0.0001,0.0001,0.00030000000000000003,3
2024-07-17 00:00:00+00:00,0.0001,0.0001,0.00030000000000000003,3
2024-07-18 00:00:00+00:00,0.0001,0.0001,0.00030000000000000003,3
2024-07-19 00:00:00+00:00,0.0001,0.0001,0.00030000000000000003,3
2024-07-20 00:00:00+00:00,0.0001,0.0001,0.00030000000000000003,3
2024-07-21 00:00:00+00:00,0.0001,0.0001,0.00030000000000000003,3
2024-07-22 00:00:00+00:00,0.0001,0.0001,0.00030000000000000003,3
2024-07-23 00:00:00+00:00,0.0001,0.0001,0.00030000000000000003,3
2024-07-24 00:00:00+00:00,0.0001,0.00010808333333333334,0.00032425,3
2024-07-25 00:00:00+00:00,0.0001,9.171e-05,0.00027513,3
2024-07-26 00:00:00+00:00,0.0001,8.762666666666667e-05,0.00026288,3
2024-07-27 00:00:00+00:00,0.0001,0.0001,0.00030000000000000003,3
2024-07-28 00:00:00+00:00,0.0001,3.185e-05,9.555e-05,3
2024-07-29 00:00:00+00:00,0.0001,9.138333333333334e-05,0.00027415,3
2024-07-30 00:00:00+00:00,2.707e-05,7.569e-05,0.00022707,3
2024-07-31 00:00:00+00:00,0.0001,3.951e-05,0.00011853,3
2024-08-01 00:00:00+00:00,0.0001,9.115333333333333e-05,0.00027346,3
2024-08-02 00:00:00+00:00,9.503e-05,6.901333333333333e-05,0.00020704,3
2024-08-03 00:00:00+00:00,0.0001,2.462e-05,7.386e-05,3
2024-08-04 00:00:00+00:00,0.0001,-1.6409999999999997e-05,-4.922999999999999e-05,3
2024-08-05 00:00:00+00:00,-0.00013202,-1.9483333333333334e-05,-5.845e-05,3
2024-08-06 00:00:00+00:00,0.0001,-1.6033333333333344e-06,-4.810000000000003e-06,3
2024-08-07 00:00:00+00:00,2.524e-05,3.8350000000000004e-05,0.00011505,3
2024-08-08 00:00:00+00:00,8.341e-05,9.447e-05,0.00028341,3
2024-08-09 00:00:00+00:00,0.0001,0.0001,0.00030000000000000003,3
2024-08-10 00:00:00+00:00,6.633e-05,2.7489999999999996e-05,8.246999999999999e-05,3
2024-08-11 00:00:00+00:00,2.732e-05,6.397666666666667e-05,0.00019193000000000001,3
2024-08-12 00:00:00+00:00,0.0001,9.076666666666669e-06,2.723000000000001e-05,3
2024-08-13 00:00:00+00:00,-3.921e-05,-6.297e-05,-0.00018891,3
2024-08-14 00:00:00+00:00,5.744e-05,4.947e-05,0.00014841,3
2024-08-15 00:00:00+00:00,-0.00015984,-7.117333333333333e-05,-0.00021351999999999998,3
2024-08-16 00:00:00+00:00,8.141e-05,-6.526333333333334e-05,-0.00019579000000000002,3
2024-08-17 00:00:00+00:00,-7.15e-06,2.819333333333333e-05,8.457999999999999e-05,3
2024-08-18 00:00:00+00:00,0.0001,6.186333333333333e-05,0.00018559000000000002,3
2024-08-19 00:00:00+00:00,0.0001,7.72e-05,0.00023160000000000002,3
2024-08-20 00:00:00+00:00,0.0001,0.0001,0.00030000000000000003,3
2024-08-21 00:00:00+00:00,-2.682e-05,4.7476666666666666e-05,0.00014243,3
2024-08-22 00:00:00+00:00,0.0001,0.0001,0.00030000000000000003,3
2024-08-23 00:00:00+00:00,0.0001,0.0001,0.00030000000000000003,3
2024-08-24 00:00:00+00:00,0.0001,0.0001,0.00030000000000000003,3
2024-08-25 00:00:00+00:00,0.0001,0.0001,0.00030000000000000003,3
2024-08-26 00:00:00+00:00,0.0001,0.0001,0.00030000000000000003,3
2024-08-27 00:00:00+00:00,1.03e-06,6.701000000000001e-05,0.00020103000000000002,3
2024-08-28 00:00:00+00:00,-6.69e-05,-0.00015827666666666667,-0.00047483,3
2024-08-29 00:00:00+00:00,8.836e-05,5.766666666666667e-06,1.73e-05,3
2024-08-30 00:00:00+00:00,5.003e-05,6.212e-05,0.00018636,3
2024-08-31 00:00:00+00:00,0.0001,9.846666666666667e-05,0.0002954,3
2024-09-01 00:00:00+00:00,1.72e-05,1.7473333333333334e-05,5.242e-05,3
2024-09-02 00:00:00+00:00,7.9e-06,-2.2803333333333336e-05,-6.841e-05,3
2024-09-03 00:00:00+00:00,-0.00013158,-1.6566666666666672e-06,-4.9700000000000015e-06,3
2024-09-04 00:00:00+00:00,-5.014e-05,-2.843666666666666e-05,-8.530999999999998e-05,3
2024-09-05 00:00:00+00:00,-0.00010247,3.696666666666668e-06,1.1090000000000004e-05,3
2024-09-06 00:00:00+00:00,-6.871e-05,-0.00011669666666666666,-0.00035009,3
2024-09-07 00:00:00+00:00,0.0001,-0.00010935666666666667,-0.00032807,3
2024-09-08 00:00:00+00:00,0.0001,9.580999999999999e-05,0.00028743,3
2024-09-09 00:00:00+00:00,6.072e-05,7.911333333333333e-05,0.00023734,3
2024-09-10 00:00:00+00:00,0.0001,6.831e-05,0.00020493,3
2024-09-11 00:00:00+00:00,-5.972e-05,7.040000000000003e-06,2.1120000000000008e-05,3
2024-09-12 00:00:00+00:00,0.0001,6.700666666666667e-05,0.00020102,3
2024-09-13 00:00:00+00:00,0.0001,3.2403333333333335e-05,9.721000000000001e-05,3
2024-09-14 00:00:00+00:00,6.257e-05,8.752333333333333e-05,0.00026257,3
2024-09-15 00:00:00+00:00,0.0001,-8.053333333333333e-06,-2.416e-05,3
2024-09-16 00:00:00+00:00,8.602e-05,-9.115333333333333e-05,-0.00027346,3
2024-09-17 00:00:00+00:00,0.0001,3.326333333333334e-05,9.979e-05,3
2024-09-18 00:00:00+00:00,1.97e-05,7.211333333333334e-05,0.00021634,3
2024-09-19 00:00:00+00:00,0.0001,0.0001,0.00030000000000000003,3
2024-09-20 00:00:00+00:00,0.0001,0.0001,0.00030000000000000003,3
2024-09-21 00:00:00+00:00,0.0001,0.0001,0.00030000000000000003,3
2024-09-22 00:00:00+00:00,0.0001,0.0001,0.00030000000000000003,3
2024-09-23 00:00:00+00:00,0.0001,5.381e-05,0.00016143,3
2024-09-24 00:00:00+00:00,0.0001,0.0001,0.00030000000000000003,3
2024-09-25 00:00:00+00:00,0.0001,0.0001,0.00030000000000000003,3
2024-09-26 00:00:00+00:00,0.0001,0.0001,0.00030000000000000003,3
2024-09-27 00:00:00+00:00,0.0001,0.0001,0.00030000000000000003,3
2024-09-28 00:00:00+00:00,0.0001,0.0001,0.00030000000000000003,3
2024-09-29 00:00:00+00:00,0.0001,0.0001,0.00030000000000000003,3
2024-09-30 00:00:00+00:00,0.0001,0.0001,0.00030000000000000003,3
2024-10-01 00:00:00+00:00,0.0001,0.0001,0.00030000000000000003,3
2024-10-02 00:00:00+00:00,-8.684e-05,3.7720000000000005e-05,0.00011316000000000001,3
2024-10-03 00:00:00+00:00,-8.715e-05,9.556666666666664e-06,2.8669999999999995e-05,3
2024-10-04 00:00:00+00:00,1.37e-06,-7.42e-06,-2.226e-05,3
2024-10-05 00:00:00+00:00,4.641e-05,3.7076666666666663e-05,0.00011122999999999999,3
2024-10-06 00:00:00+00:00,0.0001,7.899666666666667e-05,0.00023699000000000002,3
2024-10-07 00:00:00+00:00,0.0001,0.0001,0.00030000000000000003,3
2024-10-08 00:00:00+00:00,-5.462e-05,2.194e-05,6.582e-05,3
2024-10-09 00:00:00+00:00,0.0001,0.0001,0.00030000000000000003,3
2024-10-10 00:00:00+00:00,0.0001,7.624e-05,0.00022872000000000002,3
2024-10-11 00:00:00+00:00,0.0001,0.0001,0.00030000000000000003,3
2024-10-12 00:00:00+00:00,0.0001,0.0001,0.00030000000000000003,3
2024-10-13 00:00:00+00:00,0.0001,0.0001,0.00030000000000000003,3
2024-10-14 00:00:00+00:00,0.0001,0.0001,0.00030000000000000003,3
2024-10-15 00:00:00+00:00,0.0001,0.0001,0.00030000000000000003,3
2024-10-16 00:00:00+00:00,0.0001,0.0001,0.00030000000000000003,3
2024-10-17 00:00:00+00:00,0.0001,0.0001,0.00030000000000000003,3
2024-10-18 00:00:00+00:00,0.0001,7.887666666666668e-05,0.00023663000000000002,3
2024-10-19 00:00:00+00:00,0.0001,0.0001,0.00030000000000000003,3
2024-10-20 00:00:00+00:00,0.0001,0.0001,0.00030000000000000003,3
2024-10-21 00:00:00+00:00,0.0001,0.00013523666666666667,0.00040571,3
2024-10-22 00:00:00+00:00,0.0001,0.0001,0.00030000000000000003,3
2024-10-23 00:00:00+00:00,0.0001,0.0001,0.00030000000000000003,3
2024-10-24 00:00:00+00:00,0.0001,0.0001,0.00030000000000000003,3
2024-10-25 00:00:00+00:00,0.0001,0.0001,0.00030000000000000003,3
2024-10-26 00:00:00+00:00,0.0001,9.414666666666667e-05,0.00028244,3
2024-10-27 00:00:00+00:00,0.0001,0.0001,0.00030000000000000003,3
2024-10-28 00:00:00+00:00,0.0001,0.0001,0.00030000000000000003,3
2024-10-29 00:00:00+00:00,0.0001,0.0001,0.00030000000000000003,3
2024-10-30 00:00:00+00:00,0.00010055,0.00010018333333333333,0.00030055,3
2024-10-31 00:00:00+00:00,0.0001,0.0001,0.00030000000000000003,3
2024-11-01 00:00:00+00:00,0.0001,0.0001,0.00030000000000000003,3
2024-11-02 00:00:00+00:00,0.0001,0.0001,0.00030000000000000003,3
2024-11-03 00:00:00+00:00,0.0001,7.663666666666667e-05,0.00022991,3
2024-11-04 00:00:00+00:00,0.0001,0.0001,0.00030000000000000003,3
2024-11-05 00:00:00+00:00,0.0001,0.0001,0.00030000000000000003,3
2024-11-06 00:00:00+00:00,0.0001,0.0001,0.00030000000000000003,3
2024-11-07 00:00:00+00:00,0.00020572,0.0003527633333333334,0.0010582900000000001,3
2024-11-08 00:00:00+00:00,0.00020968,0.00027684333333333335,0.00083053,3
2024-11-09 00:00:00+00:00,0.0001,0.0003260866666666667,0.0009782600000000001,3
2024-11-10 00:00:00+00:00,0.00052276,0.00052793,0.00158379,3
2024-11-11 00:00:00+00:00,0.00027399,0.00021172666666666664,0.00063518,3
2024-11-12 00:00:00+00:00,0.00057168,0.0005865666666666666,0.0017597,3
2024-11-13 00:00:00+00:00,0.00122813,0.0007413300000000001,0.0022239900000000003,3
2024-11-14 00:00:00+00:00,0.00040381,0.0004494033333333333,0.0013482099999999999,3
2024-11-15 00:00:00+00:00,0.00034462,0.00024877,0.00074631,3
2024-11-16 00:00:00+00:00,0.00033284,0.0005923133333333334,0.00177694,3
2024-11-17 00:00:00+00:00,0.00047336,0.00051273,0.00153819,3
2024-11-18 00:00:00+00:00,0.00034445,0.00032750333333333336,0.00098251,3
2024-11-19 00:00:00+00:00,0.000277,0.0002920033333333333,0.00087601,3
2024-11-20 00:00:00+00:00,0.00010847,0.00020640666666666666,0.00061922,3
2024-11-21 00:00:00+00:00,0.00044295,0.00021934333333333334,0.00065803,3
2024-11-22 00:00:00+00:00,0.00023531,0.00045539,0.00136617,3
2024-11-23 00:00:00+00:00,0.00091587,0.0007826366666666666,0.00234791,3
2024-11-24 00:00:00+00:00,0.00022893,0.00031694,0.00095082,3
2024-11-25 00:00:00+00:00,0.00028666,0.0004435333333333333,0.0013306,3
2024-11-26 00:00:00+00:00,0.0001,0.00016897333333333334,0.00050692,3
2024-11-27 00:00:00+00:00,0.00040685,0.0003684033333333333,0.00110521,3
2024-11-28 00:00:00+00:00,0.0003658,0.00054951,0.00164853,3
2024-11-29 00:00:00+00:00,0.00080343,0.0007232166666666667,0.00216965,3
2024-11-30 00:00:00+00:00,0.00045174,0.0006944633333333334,0.00208339,3
2024-12-01 00:00:00+00:00,0.00059619,0.0005059066666666667,0.0015177200000000002,3
2024-12-02 00:00:00+00:00,0.00016873,0.0003173233333333333,0.00095197,3
2024-12-03 00:00:00+00:00,0.00033797,0.0004902433333333333,0.00147073,3
2024-12-04 00:00:00+00:00,0.00100585,0.0008748633333333333,0.00262459,3
2024-12-05 00:00:00+00:00,0.0007105,0.0007810433333333334,0.00234313,3
2024-12-06 00:00:00+00:00,0.00024714,0.0004573266666666667,0.00137198,3
2024-12-07 00:00:00+00:00,0.00091577,0.00071133,0.00213399,3
2024-12-08 00:00:00+00:00,0.00060121,0.00071614,0.00214842,3
2024-12-09 00:00:00+00:00,0.00016207,0.0002719,0.0008156999999999999,3
2024-12-10 00:00:00+00:00,0.0001,0.0001,0.00030000000000000003,3
2024-12-11 00:00:00+00:00,0.0001,0.0001,0.00030000000000000003,3
2024-12-12 00:00:00+00:00,0.0001,0.0001,0.00030000000000000003,3
2024-12-13 00:00:00+00:00,0.0001,0.0001,0.00030000000000000003,3
2024-12-14 00:00:00+00:00,0.0001,0.0001,0.00030000000000000003,3
2024-12-15 00:00:00+00:00,0.0001,0.0001,0.00030000000000000003,3
2024-12-16 00:00:00+00:00,0.0001,0.0001,0.00030000000000000003,3
2024-12-17 00:00:00+00:00,0.0001,0.0001,0.00030000000000000003,3
2024-12-18 00:00:00+00:00,0.0001,0.0001,0.00030000000000000003,3
2024-12-19 00:00:00+00:00,0.0001,0.0001,0.00030000000000000003,3
2024-12-20 00:00:00+00:00,-0.0001514,-1.8736666666666663e-05,-5.620999999999999e-05,3
2024-12-21 00:00:00+00:00,0.0001,7.114333333333334e-05,0.00021343000000000002,3
2024-12-22 00:00:00+00:00,6.916e-05,8.972e-05,0.00026916,3
2024-12-23 00:00:00+00:00,0.0001,7.946666666666667e-05,0.0002384,3
2024-12-24 00:00:00+00:00,0.0001,9.606666666666667e-05,0.0002882,3
2024-12-25 00:00:00+00:00,8.69e-06,6.746666666666666e-05,0.0002024,3
2024-12-26 00:00:00+00:00,9.761e-05,9.407333333333334e-05,0.00028222,3
2024-12-27 00:00:00+00:00,0.0001,4.689666666666667e-05,0.00014069,3
2024-12-28 00:00:00+00:00,0.0001,0.0001,0.00030000000000000003,3
2024-12-29 00:00:00+00:00,0.0001,0.0001,0.00030000000000000003,3
2024-12-30 00:00:00+00:00,0.0001,0.0001,0.00030000000000000003,3
2024-12-31 00:00:00+00:00,1.096e-05,4.340000000000002e-06,1.3020000000000004e-05,3
2025-01-01 00:00:00+00:00,-5.532e-05,4.822666666666667e-05,0.00014468,3
2025-01-02 00:00:00+00:00,0.0001,5.92e-05,0.0001776,3
2025-01-03 00:00:00+00:00,0.0001,7.335000000000001e-05,0.00022005,3
2025-01-04 00:00:00+00:00,0.0001,0.0001,0.00030000000000000003,3
2025-01-05 00:00:00+00:00,0.0001,0.0001,0.00030000000000000003,3
2025-01-06 00:00:00+00:00,0.0001,0.0001,0.00030000000000000003,3
2025-01-07 00:00:00+00:00,0.0001,0.0001,0.00030000000000000003,3
2025-01-08 00:00:00+00:00,0.0001,0.0001,0.00030000000000000003,3
2025-01-09 00:00:00+00:00,0.0001,9.352333333333334e-05,0.00028057,3
2025-01-10 00:00:00+00:00,0.0001,9.075333333333334e-05,0.00027226,3
2025-01-11 00:00:00+00:00,0.0001,0.0001,0.00030000000000000003,3
2025-01-12 00:00:00+00:00,0.0001,0.0001,0.00030000000000000003,3
2025-01-13 00:00:00+00:00,1.949e-05,7.316333333333334e-05,0.00021949,3
2025-01-14 00:00:00+00:00,0.0001,9.091666666666666e-05,0.00027275,3
2025-01-15 00:00:00+00:00,0.0001,0.0001,0.00030000000000000003,3
2025-01-16 00:00:00+00:00,0.0001,0.0001,0.00030000000000000003,3
2025-01-17 00:00:00+00:00,0.0001,0.0001,0.00030000000000000003,3
2025-01-18 00:00:00+00:00,0.0001,0.0001,0.00030000000000000003,3
2025-01-19 00:00:00+00:00,0.0001,0.0001,0.00030000000000000003,3
2025-01-20 00:00:00+00:00,0.0001,0.0001,0.00030000000000000003,3
2025-01-21 00:00:00+00:00,0.0001,0.0001,0.00030000000000000003,3
2025-01-22 00:00:00+00:00,0.0001,0.0001,0.00030000000000000003,3
2025-01-23 00:00:00+00:00,0.0001,0.0001,0.00030000000000000003,3
2025-01-24 00:00:00+00:00,0.0001,0.0001,0.00030000000000000003,3
2025-01-25 00:00:00+00:00,0.0001,0.0001,0.00030000000000000003,3
2025-01-26 00:00:00+00:00,0.0001,0.0001,0.00030000000000000003,3
2025-01-27 00:00:00+00:00,5.575e-05,8.525e-05,0.00025575,3
2025-01-28 00:00:00+00:00,0.0001,7.122666666666667e-05,0.00021368,3
2025-01-29 00:00:00+00:00,0.0001,0.0001,0.00030000000000000003,3
2025-01-30 00:00:00+00:00,1.592e-05,1.609e-05,4.827e-05,3
2025-01-31 00:00:00+00:00,0.0001,4.4866666666666675e-05,0.00013460000000000002,3
2025-02-01 00:00:00+00:00,0.0001,8.736666666666667e-05,0.00026210000000000003,3
2025-02-02 00:00:00+00:00,1.548e-05,3.603e-05,0.00010809,3
2025-02-03 00:00:00+00:00,-3.404e-05,-5.9516666666666665e-05,-0.00017855,3
2025-02-04 00:00:00+00:00,-8.892e-05,-6.086666666666668e-06,-1.8260000000000005e-05,3
2025-02-05 00:00:00+00:00,1.72e-05,3.998e-05,0.00011994,3
2025-02-06 00:00:00+00:00,-7.566e-05,-1.7166666666666723e-06,-5.150000000000017e-06,3
2025-02-07 00:00:00+00:00,-1.9e-06,-6.902666666666667e-05,-0.00020708,3
2025-02-08 00:00:00+00:00,0.0001,4.802e-05,0.00014406,3
2025-02-09 00:00:00+00:00,0.0001,5.899e-05,0.00017697,3
2025-02-10 00:00:00+00:00,0.0001,9.126666666666669e-05,0.00027380000000000004,3
2025-02-11 00:00:00+00:00,1.7e-06,6.723333333333333e-05,0.0002017,3
2025-02-12 00:00:00+00:00,4.898e-05,-2.279666666666666e-05,-6.838999999999999e-05,3
2025-02-13 00:00:00+00:00,-1.383e-05,6.205666666666667e-05,0.00018617000000000001,3
2025-02-14 00:00:00+00:00,0.0001,7.643e-05,0.00022929,3
2025-02-15 00:00:00+00:00,6.172e-05,8.724e-05,0.00026172,3
2025-02-16 00:00:00+00:00,0.0001,9.302333333333333e-05,0.00027906999999999997,3
2025-02-17 00:00:00+00:00,6.435e-05,3.753333333333335e-06,1.1260000000000004e-05,3
2025-02-18 00:00:00+00:00,-6.871e-05,-3.0499999999999975e-06,-9.149999999999992e-06,3
2025-02-19 00:00:00+00:00,2.795e-05,2.4603333333333332e-05,7.381e-05,3
2025-02-20 00:00:00+00:00,1.298e-05,5.119333333333334e-05,0.00015358,3
2025-02-21 00:00:00+00:00,0.0001,0.0001,0.00030000000000000003,3
2025-02-22 00:00:00+00:00,0.0001,0.0001,0.00030000000000000003,3
2025-02-23 00:00:00+00:00,7.887e-05,9.295666666666668e-05,0.00027887,3
2025-02-24 00:00:00+00:00,0.0001,0.0001,0.00030000000000000003,3
2025-02-25 00:00:00+00:00,0.0001,6.849666666666667e-05,0.00020549,3
2025-02-26 00:00:00+00:00,0.0001,0.0001,0.00030000000000000003,3
2025-02-27 00:00:00+00:00,0.0001,0.0001,0.00030000000000000003,3
2025-02-28 00:00:00+00:00,4.675e-05,5.6040000000000006e-05,0.00016812,3
2025-03-01 00:00:00+00:00,0.0001,0.0001,0.00030000000000000003,3
2025-03-02 00:00:00+00:00,0.0001,0.0001,0.00030000000000000003,3
2025-03-03 00:00:00+00:00,0.0001,0.0001,0.00030000000000000003,3
2025-03-04 00:00:00+00:00,-0.00023285,-0.00010597333333333332,-0.00031791999999999996,3
2025-03-05 00:00:00+00:00,0.0001,4.0113333333333334e-05,0.00012034,3
2025-03-06 00:00:00+00:00,-1.206e-05,6.264666666666668e-05,0.00018794000000000002,3
2025-03-07 00:00:00+00:00,1.657e-05,-6.076333333333334e-05,-0.00018229000000000002,3
2025-03-08 00:00:00+00:00,7.369e-05,8.071666666666667e-05,0.00024215,3
2025-03-09 00:00:00+00:00,-0.00013212,-9.036333333333332e-05,-0.00027109,3
2025-03-10 00:00:00+00:00,-2.693e-05,-0.00010164333333333334,-0.00030493,3
2025-03-11 00:00:00+00:00,-0.00014543,-3.8366666666666666e-05,-0.00011509999999999999,3
2025-03-12 00:00:00+00:00,3.383e-05,8.403333333333335e-06,2.5210000000000004e-05,3
2025-03-13 00:00:00+00:00,2.112e-05,-0.00012482000000000001,-0.00037446,3
2025-03-14 00:00:00+00:00,-5.004e-05,-0.00012984666666666667,-0.00038954,3
2025-03-15 00:00:00+00:00,2.743e-05,-2.4413333333333332e-05,-7.324e-05,3
2025-03-16 00:00:00+00:00,9.76e-05,3.557e-05,0.00010671,3
2025-03-17 00:00:00+00:00,0.0001,1.162e-05,3.486e-05,3
2025-03-18 00:00:00+00:00,7.955e-05,9.318333333333333e-05,0.00027955,3
2025-03-19 00:00:00+00:00,2.304e-05,-1.7400000000000003e-05,-5.220000000000001e-05,3
2025-03-20 00:00:00+00:00,3.062e-05,1.9663333333333335e-05,5.899e-05,3
2025-03-21 00:00:00+00:00,-9.878e-05,-0.00010536999999999999,-0.00031611,3
2025-03-22 00:00:00+00:00,5.7e-07,1.0400000000000004e-06,3.120000000000001e-06,3
2025-03-23 00:00:00+00:00,-3.578e-05,5.474000000000001e-05,0.00016422000000000002,3
2025-03-24 00:00:00+00:00,0.0001,2.934e-05,8.802e-05,3
2025-03-25 00:00:00+00:00,0.0001,0.0001,0.00030000000000000003,3
2025-03-26 00:00:00+00:00,0.0001,7.169333333333334e-05,0.00021508,3
2025-03-27 00:00:00+00:00,8.339e-05,7.279333333333334e-05,0.00021838,3
2025-03-28 00:00:00+00:00,0.0001,5.7073333333333335e-05,0.00017122,3
2025-03-29 00:00:00+00:00,0.0001,9.120333333333332e-05,0.00027361,3
2025-03-30 00:00:00+00:00,-8.764e-05,-7.833333333333298e-07,-2.3499999999999894e-06,3
2025-03-31 00:00:00+00:00,1.7e-07,1.2460000000000001e-05,3.7380000000000005e-05,3
2025-04-01 00:00:00+00:00,7.859e-05,3.459e-05,0.00010377,3
2025-04-02 00:00:00+00:00,7.023e-05,8.277666666666666e-05,0.00024833,3
2025-04-03 00:00:00+00:00,0.0001,8.229e-05,0.00024687,3
2025-04-04 00:00:00+00:00,-9.122e-05,-0.00014313666666666667,-0.00042941,3
2025-04-05 00:00:00+00:00,0.0001,0.0001,0.00030000000000000003,3
2025-04-06 00:00:00+00:00,0.0001,1.9466666666666668e-05,5.84e-05,3
2025-04-07 00:00:00+00:00,1.035e-05,1.894e-05,5.682e-05,3
2025-04-08 00:00:00+00:00,-0.0001042,-2.9536666666666665e-05,-8.861e-05,3
2025-04-09 00:00:00+00:00,6.291e-05,-4.718666666666667e-05,-0.00014156,3
2025-04-10 00:00:00+00:00,1.438e-05,7.146000000000001e-05,0.00021438000000000002,3
2025-04-11 00:00:00+00:00,0.0001,0.0001,0.00030000000000000003,3
2025-04-12 00:00:00+00:00,0.0001,0.0001,0.00030000000000000003,3
2025-04-13 00:00:00+00:00,0.0001,0.0001,0.00030000000000000003,3
2025-04-14 00:00:00+00:00,0.0001,0.0001,0.00030000000000000003,3
2025-04-15 00:00:00+00:00,-9.468e-05,-1.354333333333333e-05,-4.062999999999999e-05,3
2025-04-16 00:00:00+00:00,5.001e-05,4.0073333333333335e-05,0.00012022,3
2025-04-17 00:00:00+00:00,0.0001,0.0001,0.00030000000000000003,3
2025-04-18 00:00:00+00:00,1.838e-05,5.7476666666666665e-05,0.00017243,3
2025-04-19 00:00:00+00:00,0.0001,0.0001,0.00030000000000000003,3
2025-04-20 00:00:00+00:00,0.0001,0.0001,0.00030000000000000003,3
2025-04-21 00:00:00+00:00,-1.981e-05,5.504000000000001e-05,0.00016512000000000002,3
2025-04-22 00:00:00+00:00,-5.064e-05,1.095e-05,3.285e-05,3
2025-04-23 00:00:00+00:00,0.0001,3.8560000000000004e-05,0.00011568,3
2025-04-24 00:00:00+00:00,-8.194e-05,3.595e-05,0.00010784999999999999,3
2025-04-25 00:00:00+00:00,3.294e-05,3.075666666666667e-05,9.227000000000001e-05,3
2025-04-26 00:00:00+00:00,0.0001,9.298e-05,0.00027894,3
2025-04-27 00:00:00+00:00,6.84e-06,-8.578333333333334e-05,-0.00025735,3
2025-04-28 00:00:00+00:00,4.031e-05,2.3273333333333336e-05,6.982e-05,3
2025-04-29 00:00:00+00:00,0.0001,9.435666666666667e-05,0.00028307,3
2025-04-30 00:00:00+00:00,5.245e-05,5.2296666666666663e-05,0.00015689,3
2025-05-01 00:00:00+00:00,0.0001,9.644333333333335e-05,0.00028933,3
2025-05-02 00:00:00+00:00,1.713e-05,3.158e-05,9.474e-05,3
2025-05-03 00:00:00+00:00,9.522e-05,9.840666666666667e-05,0.00029522,3
2025-05-04 00:00:00+00:00,0.0001,0.0001,0.00030000000000000003,3
2025-05-05 00:00:00+00:00,0.0001,1.878666666666667e-05,5.636000000000001e-05,3
2025-05-06 00:00:00+00:00,0.0001,7.854e-05,0.00023562000000000002,3
2025-05-07 00:00:00+00:00,-5.069e-05,1.412666666666667e-05,4.238000000000001e-05,3
2025-05-08 00:00:00+00:00,0.0001,8.322666666666667e-05,0.00024968,3
2025-05-09 00:00:00+00:00,0.0001,0.0001,0.00030000000000000003,3
2025-05-10 00:00:00+00:00,0.0001,0.0001,0.00030000000000000003,3
2025-05-11 00:00:00+00:00,0.0001,0.0001,0.00030000000000000003,3
2025-05-12 00:00:00+00:00,0.0001,0.0001,0.00030000000000000003,3
2025-05-13 00:00:00+00:00,0.0001,0.0001,0.00030000000000000003,3
2025-05-14 00:00:00+00:00,0.0001,0.0001,0.00030000000000000003,3
2025-05-15 00:00:00+00:00,0.0001,0.0001,0.00030000000000000003,3
2025-05-16 00:00:00+00:00,0.0001,5.8030000000000005e-05,0.00017409,3
2025-05-17 00:00:00+00:00,7.317e-05,5.3756666666666666e-05,0.00016127,3
2025-05-18 00:00:00+00:00,0.0001,9.339e-05,0.00028017,3
2025-05-19 00:00:00+00:00,-5.477e-05,-1.3976666666666666e-05,-4.193e-05,3
2025-05-20 00:00:00+00:00,-6.401e-05,3.748666666666667e-05,0.00011246,3
2025-05-21 00:00:00+00:00,0.0001,0.0001,0.00030000000000000003,3
2025-05-22 00:00:00+00:00,0.0001,8.488333333333334e-05,0.00025465000000000004,3
2025-05-23 00:00:00+00:00,0.0001,0.0001,0.00030000000000000003,3
2025-05-24 00:00:00+00:00,6.135e-05,6.543666666666667e-05,0.00019631,3
2025-05-25 00:00:00+00:00,0.0001,0.0001,0.00030000000000000003,3
2025-05-26 00:00:00+00:00,0.0001,8.561e-05,0.00025683,3
2025-05-27 00:00:00+00:00,0.0001,0.0001,0.00030000000000000003,3
2025-05-28 00:00:00+00:00,0.0001,0.0001,0.00030000000000000003,3
2025-05-29 00:00:00+00:00,0.0001,0.0001,0.00030000000000000003,3
2025-05-30 00:00:00+00:00,9.036e-05,3.510333333333333e-05,0.00010531,3
2025-05-31 00:00:00+00:00,-5.195e-05,1.918e-05,5.754e-05,3
2025-06-01 00:00:00+00:00,0.0001,4.4840000000000004e-05,0.00013452,3
2025-06-02 00:00:00+00:00,0.0001,9.497333333333335e-05,0.00028492000000000003,3
2025-06-03 00:00:00+00:00,0.0001,0.0001,0.00030000000000000003,3
2025-06-04 00:00:00+00:00,0.0001,0.0001,0.00030000000000000003,3
2025-06-05 00:00:00+00:00,5.795e-05,5.8263333333333335e-05,0.00017479,3
2025-06-06 00:00:00+00:00,-0.00020561,-0.00013668,-0.00041003999999999997,3
2025-06-07 00:00:00+00:00,-1.27e-05,3.0063333333333337e-05,9.019000000000002e-05,3
2025-06-08 00:00:00+00:00,0.0001,8.674666666666667e-05,0.00026024,3
2025-06-09 00:00:00+00:00,0.0001,0.0001,0.00030000000000000003,3
2025-06-10 00:00:00+00:00,0.0001,0.0001,0.00030000000000000003,3
2025-06-11 00:00:00+00:00,0.0001,0.0001,0.00030000000000000003,3
2025-06-12 00:00:00+00:00,0.0001,7.039e-05,0.00021117,3
2025-06-13 00:00:00+00:00,-1.2e-06,-3.837666666666666e-05,-0.00011512999999999999,3
2025-06-14 00:00:00+00:00,0.0001,7.247333333333334e-05,0.00021742000000000002,3
2025-06-15 00:00:00+00:00,-2.139e-05,2.1906666666666668e-05,6.572e-05,3
2025-06-16 00:00:00+00:00,0.0001,4.266e-05,0.00012798,3
2025-06-17 00:00:00+00:00,0.0001,0.0001,0.00030000000000000003,3
2025-06-18 00:00:00+00:00,0.0001,6.689333333333333e-05,0.00020068,3
2025-06-19 00:00:00+00:00,0.0001,0.0001,0.00030000000000000003,3
2025-06-20 00:00:00+00:00,6.364e-05,8.787999999999999e-05,0.00026364,3
2025-06-21 00:00:00+00:00,1.482e-05,-2.0269999999999997e-05,-6.0809999999999995e-05,3
2025-06-22 00:00:00+00:00,1.477e-05,-5.793333333333334e-06,-1.7380000000000003e-05,3
2025-06-23 00:00:00+00:00,6.47e-06,1.702e-05,5.1059999999999996e-05,3
2025-06-24 00:00:00+00:00,1.962e-05,5.797666666666667e-05,0.00017393,3
2025-06-25 00:00:00+00:00,1.865e-05,5.4823333333333334e-05,0.00016447,3
2025-06-26 00:00:00+00:00,7.393e-05,-1.822333333333333e-05,-5.466999999999999e-05,3
2025-06-27 00:00:00+00:00,8.465e-05,6.585666666666667e-05,0.00019757,3
2025-06-28 00:00:00+00:00,0.0001,8.319666666666666e-05,0.00024959,3
2025-06-29 00:00:00+00:00,-6.485e-05,1.0579999999999997e-05,3.173999999999999e-05,3
2025-06-30 00:00:00+00:00,9.369e-05,6.570333333333334e-05,0.00019711000000000002,3
2025-07-01 00:00:00+00:00,-5.313e-05,-1.832e-05,-5.496e-05,3
2025-07-02 00:00:00+00:00,8.064e-05,3.553333333333332e-06,1.0659999999999996e-05,3
2025-07-03 00:00:00+00:00,0.0001,0.0001,0.00030000000000000003,3
2025-07-04 00:00:00+00:00,-6.842e-05,-1.3583333333333334e-05,-4.075e-05,3
2025-07-05 00:00:00+00:00,0.0001,4.061333333333334e-05,0.00012184000000000001,3
2025-07-06 00:00:00+00:00,6.197e-05,2.4513333333333335e-05,7.354e-05,3
2025-07-07 00:00:00+00:00,4.751e-05,8.250333333333333e-05,0.00024751,3
2025-07-08 00:00:00+00:00,0.0001,9.509333333333334e-05,0.00028528,3
2025-07-09 00:00:00+00:00,0.0001,0.0001,0.00030000000000000003,3
2025-07-10 00:00:00+00:00,0.0001,0.0001,0.00030000000000000003,3
2025-07-11 00:00:00+00:00,0.0001,0.0001,0.00030000000000000003,3
2025-07-12 00:00:00+00:00,0.0001,0.0001,0.00030000000000000003,3
2025-07-13 00:00:00+00:00,0.0001,0.0001,0.00030000000000000003,3
2025-07-14 00:00:00+00:00,0.0001,0.0001,0.00030000000000000003,3
2025-07-15 00:00:00+00:00,0.0001,0.0001,0.00030000000000000003,3
2025-07-16 00:00:00+00:00,0.00012311,0.00010770333333333334,0.00032311000000000004,3
2025-07-17 00:00:00+00:00,0.0001,0.0001,0.00030000000000000003,3
2025-07-18 00:00:00+00:00,0.0001,0.00012354666666666665,0.00037064,3
2025-07-19 00:00:00+00:00,0.0001,0.0001,0.00030000000000000003,3
2025-07-20 00:00:00+00:00,0.0002742,0.00016963333333333333,0.0005089,3
2025-07-21 00:00:00+00:00,0.0001,0.00021710000000000002,0.0006513000000000001,3
2025-07-22 00:00:00+00:00,0.0001,0.0001,0.00030000000000000003,3
2025-07-23 00:00:00+00:00,0.0001,0.00015452333333333335,0.00046357,3
2025-07-24 00:00:00+00:00,0.0001,0.0001,0.00030000000000000003,3
2025-07-25 00:00:00+00:00,0.0001,0.0001,0.00030000000000000003,3
2025-07-26 00:00:00+00:00,0.0001,0.0001,0.00030000000000000003,3
2025-07-27 00:00:00+00:00,0.0001,0.0001,0.00030000000000000003,3
2025-07-28 00:00:00+00:00,0.0001,0.0001,0.00030000000000000003,3
2025-07-29 00:00:00+00:00,0.0001,0.0001,0.00030000000000000003,3
2025-07-30 00:00:00+00:00,8.207e-05,9.402333333333335e-05,0.00028207000000000004,3
2025-07-31 00:00:00+00:00,0.0001,7.111666666666667e-05,0.00021335,3
2025-08-01 00:00:00+00:00,4.267e-05,3.432333333333333e-05,0.00010297,3
2025-08-02 00:00:00+00:00,5.031e-05,6.372666666666666e-05,0.00019118,3
2025-08-03 00:00:00+00:00,7.541e-05,7.083333333333334e-05,0.00021250000000000002,3
2025-08-04 00:00:00+00:00,4.147e-05,6.075333333333333e-05,0.00018226,3
2025-08-05 00:00:00+00:00,7.949e-05,9.316333333333334e-05,0.00027949,3
2025-08-06 00:00:00+00:00,0.0001,9.855333333333334e-05,0.00029566,3
2025-08-07 00:00:00+00:00,0.0001,0.0001,0.00030000000000000003,3
2025-08-08 00:00:00+00:00,3.36e-05,7.786666666666667e-05,0.0002336,3
2025-08-09 00:00:00+00:00,0.0001,0.0001,0.00030000000000000003,3
2025-08-10 00:00:00+00:00,0.0001,0.0001,0.00030000000000000003,3
2025-08-11 00:00:00+00:00,0.0001,0.0001,0.00030000000000000003,3
2025-08-12 00:00:00+00:00,-5.105e-05,-3.056e-05,-9.168e-05,3
2025-08-13 00:00:00+00:00,0.0001,0.0001,0.00030000000000000003,3
2025-08-14 00:00:00+00:00,0.0001,0.0001,0.00030000000000000003,3
2025-08-15 00:00:00+00:00,0.0001,0.0001,0.00030000000000000003,3
2025-08-16 00:00:00+00:00,0.0001,0.0001,0.00030000000000000003,3
2025-08-17 00:00:00+00:00,0.0001,0.0001,0.00030000000000000003,3
2025-08-18 00:00:00+00:00,4.039e-05,8.013e-05,0.00024039,3
2025-08-19 00:00:00+00:00,0.0001,8.919666666666667e-05,0.00026759,3
2025-08-20 00:00:00+00:00,0.0001,0.0001,0.00030000000000000003,3
2025-08-21 00:00:00+00:00,0.0001,0.0001,0.00030000000000000003,3
2025-08-22 00:00:00+00:00,7.17e-06,6.166666666666667e-05,0.000185,3
2025-08-23 00:00:00+00:00,0.0001,0.0001,0.00030000000000000003,3
2025-08-24 00:00:00+00:00,0.0001,0.0001,0.00030000000000000003,3
2025-08-25 00:00:00+00:00,-2.091e-05,5.9696666666666674e-05,0.00017909000000000002,3
2025-08-26 00:00:00+00:00,0.0001,-8.81e-06,-2.6430000000000003e-05,3
2025-08-27 00:00:00+00:00,0.0001,0.0001,0.00030000000000000003,3
2025-08-28 00:00:00+00:00,0.0001,0.0001,0.00030000000000000003,3
2025-08-29 00:00:00+00:00,2.451e-05,7.483666666666667e-05,0.00022451,3
2025-08-30 00:00:00+00:00,0.0001,4.658333333333334e-05,0.00013975,3
2025-08-31 00:00:00+00:00,0.0001,0.0001,0.00030000000000000003,3
2025-09-01 00:00:00+00:00,0.0001,9.669000000000001e-05,0.00029007,3
2025-09-02 00:00:00+00:00,0.0001,7.841333333333333e-05,0.00023524,3
2025-09-03 00:00:00+00:00,0.0001,0.0001,0.00030000000000000003,3
2025-09-04 00:00:00+00:00,9.57e-05,9.856666666666666e-05,0.0002957,3
2025-09-05 00:00:00+00:00,0.0001,9.336666666666668e-05,0.00028010000000000003,3
2025-09-06 00:00:00+00:00,0.0001,0.0001,0.00030000000000000003,3
2025-09-07 00:00:00+00:00,0.0001,0.0001,0.00030000000000000003,3
2025-09-08 00:00:00+00:00,0.0001,0.0001,0.00030000000000000003,3
2025-09-09 00:00:00+00:00,0.0001,0.0001,0.00030000000000000003,3
2025-09-10 00:00:00+00:00,0.0001,0.0001,0.00030000000000000003,3
2025-09-11 00:00:00+00:00,0.0001,0.0001,0.00030000000000000003,3
2025-09-12 00:00:00+00:00,0.0001,0.0001,0.00030000000000000003,3
2025-09-13 00:00:00+00:00,0.0001,0.0001,0.00030000000000000003,3
2025-09-14 00:00:00+00:00,0.0001,0.0001,0.00030000000000000003,3
2025-09-15 00:00:00+00:00,-2.15e-06,6.595e-05,0.00019785,3
2025-09-16 00:00:00+00:00,0.0001,4.513666666666667e-05,0.00013541,3
2025-09-17 00:00:00+00:00,0.0001,9.400333333333334e-05,0.00028201,3
2025-09-18 00:00:00+00:00,0.0001,0.0001,0.00030000000000000003,3
2025-09-19 00:00:00+00:00,0.0001,0.0001,0.00030000000000000003,3
2025-09-20 00:00:00+00:00,-3.153e-05,-5.3809999999999995e-05,-0.00016142999999999998,3
2025-09-21 00:00:00+00:00,0.0001,0.0001,0.00030000000000000003,3
2025-09-22 00:00:00+00:00,-9.654e-05,-3.2296666666666665e-05,-9.688999999999999e-05,3
2025-09-23 00:00:00+00:00,8.81e-06,2.279999999999999e-06,6.839999999999997e-06,3
2025-09-24 00:00:00+00:00,0.0001,0.0001,0.00030000000000000003,3
2025-09-25 00:00:00+00:00,-2.101e-05,5.7260000000000004e-05,0.00017178,3
2025-09-26 00:00:00+00:00,2.57e-05,-2.133333333333333e-05,-6.4e-05,3
2025-09-27 00:00:00+00:00,0.0001,7.654000000000001e-05,0.00022962000000000001,3
2025-09-28 00:00:00+00:00,9.335e-05,9.778333333333333e-05,0.00029335,3
2025-09-29 00:00:00+00:00,7.352e-05,7.061e-05,0.00021183,3
2025-09-30 00:00:00+00:00,-5.626e-05,3.507666666666666e-05,0.00010523,3
2025-10-01 00:00:00+00:00,0.0001,0.0001,0.00030000000000000003,3
2025-10-02 00:00:00+00:00,0.0001,0.0001,0.00030000000000000003,3
2025-10-03 00:00:00+00:00,0.0001,0.0001,0.00030000000000000003,3
2025-10-04 00:00:00+00:00,0.0001,0.0001,0.00030000000000000003,3
2025-10-05 00:00:00+00:00,0.0001,8.978333333333334e-05,0.00026935,3
2025-10-06 00:00:00+00:00,0.0001,8.498e-05,0.00025494,3
2025-10-07 00:00:00+00:00,0.0001,0.0001,0.00030000000000000003,3
2025-10-08 00:00:00+00:00,6.304e-05,1.6303333333333334e-05,4.8910000000000004e-05,3
2025-10-09 00:00:00+00:00,2.36e-05,7.453333333333333e-05,0.00022360000000000001,3
2025-10-10 00:00:00+00:00,0.0001,9.408000000000001e-05,0.00028224,3
2025-10-11 00:00:00+00:00,-0.00029513,-0.0018247766666666665,-0.0054743299999999995,3
2025-10-12 00:00:00+00:00,-0.00012203,-8.846666666666667e-05,-0.0002654,3
2025-10-13 00:00:00+00:00,0.0001,4.232666666666667e-05,0.00012698,3
2025-10-14 00:00:00+00:00,-1.439e-05,5.005333333333334e-05,0.00015016,3
2025-10-15 00:00:00+00:00,-8.66e-05,3.563666666666667e-05,0.00010691,3
2025-10-16 00:00:00+00:00,4.989e-05,2.2593333333333336e-05,6.778e-05,3
2025-10-17 00:00:00+00:00,-2.388e-05,-1.1986666666666667e-05,-3.596e-05,3
2025-10-18 00:00:00+00:00,4.619e-05,8.206333333333334e-05,0.00024619,3
2025-10-19 00:00:00+00:00,-8.481e-05,-9.956666666666666e-06,-2.9869999999999997e-05,3
2025-10-20 00:00:00+00:00,-1.059e-05,1.1719999999999998e-05,3.5159999999999995e-05,3
2025-10-21 00:00:00+00:00,5.849e-05,5.901e-05,0.00017703,3
2025-10-22 00:00:00+00:00,-7.022e-05,-2.3520000000000002e-05,-7.056e-05,3
2025-10-23 00:00:00+00:00,0.0001,4.4523333333333335e-05,0.00013357,3
2025-10-24 00:00:00+00:00,0.0001,0.0001,0.00030000000000000003,3
2025-10-25 00:00:00+00:00,0.0001,0.0001,0.00030000000000000003,3
2025-10-26 00:00:00+00:00,0.0001,0.0001,0.00030000000000000003,3
2025-10-27 00:00:00+00:00,4.45e-06,6.118333333333333e-05,0.00018355,3
2025-10-28 00:00:00+00:00,9.216e-05,7.070999999999999e-05,0.00021213,3
2025-10-29 00:00:00+00:00,0.0001,-3.581e-05,-0.00010742999999999999,3
2025-10-30 00:00:00+00:00,-0.00029159,-6.234333333333333e-05,-0.00018702999999999998,3
2025-10-31 00:00:00+00:00,-1.505e-05,-0.00010895333333333333,-0.00032686,3
2025-11-01 00:00:00+00:00,0.0001,0.0001,0.00030000000000000003,3
2025-11-02 00:00:00+00:00,0.0001,0.0001,0.00030000000000000003,3
2025-11-03 00:00:00+00:00,-0.00025387,-6.786333333333333e-05,-0.00020359,3
2025-11-04 00:00:00+00:00,0.0001,4.318e-05,0.00012954,3
2025-11-05 00:00:00+00:00,8.297e-05,9.432333333333333e-05,0.00028297,3
2025-11-06 00:00:00+00:00,-3.62e-06,5.935333333333334e-05,0.00017806,3
2025-11-07 00:00:00+00:00,0.0001,6.970666666666667e-05,0.00020912,3
2025-11-08 00:00:00+00:00,6.795e-05,8.931666666666666e-05,0.00026795,3
2025-11-09 00:00:00+00:00,1.178e-05,2.477e-05,7.431e-05,3
2025-11-10 00:00:00+00:00,0.0001,8.206000000000001e-05,0.00024618000000000003,3
2025-11-11 00:00:00+00:00,3.988e-05,1.2476666666666664e-05,3.742999999999999e-05,3
2025-11-12 00:00:00+00:00,9.243e-05,-4.517509052022935e-21,-1.3552527156068805e-20,3
2025-11-13 00:00:00+00:00,0.0001,4.7040000000000004e-05,0.00014112,3
2025-11-14 00:00:00+00:00,1.603e-05,-4.834666666666667e-05,-0.00014504,3
2025-11-15 00:00:00+00:00,5.576e-05,-5.967e-05,-0.00017901,3
2025-11-16 00:00:00+00:00,-1.499e-05,4.072333333333334e-05,0.00012217,3
2025-11-17 00:00:00+00:00,0.0001,0.0001,0.00030000000000000003,3
2025-11-18 00:00:00+00:00,0.0001,7.009333333333334e-05,0.00021028000000000003,3
2025-11-19 00:00:00+00:00,2.211e-05,6.427666666666667e-05,0.00019283,3
2025-11-20 00:00:00+00:00,0.0001,0.0001,0.00030000000000000003,3
2025-11-21 00:00:00+00:00,0.0001,1.6119999999999998e-05,4.836e-05,3
2025-11-22 00:00:00+00:00,-5.812e-05,1.2613333333333337e-05,3.784000000000001e-05,3
2025-11-23 00:00:00+00:00,0.0001,8.820666666666667e-05,0.00026462,3
2025-11-24 00:00:00+00:00,-6.94e-06,5.966666666666666e-05,0.000179,3
2025-11-25 00:00:00+00:00,5.814e-05,3.914666666666667e-05,0.00011744000000000001,3
2025-11-26 00:00:00+00:00,3.161e-05,7.720333333333333e-05,0.00023161000000000001,3
2025-11-27 00:00:00+00:00,0.0001,0.0001,0.00030000000000000003,3
2025-11-28 00:00:00+00:00,5.136e-05,7.919666666666667e-05,0.00023759,3
2025-11-29 00:00:00+00:00,0.0001,6.156666666666668e-06,1.8470000000000004e-05,3
2025-11-30 00:00:00+00:00,0.0001,9.412333333333333e-05,0.00028237,3
2025-12-01 00:00:00+00:00,-2.494e-05,-2.3700000000000006e-06,-7.110000000000001e-06,3
2025-12-02 00:00:00+00:00,-4.089e-05,4.233333333333333e-05,0.000127,3
2025-12-03 00:00:00+00:00,0.0001,0.0001,0.00030000000000000003,3
2025-12-04 00:00:00+00:00,0.0001,0.0001,0.00030000000000000003,3
2025-12-05 00:00:00+00:00,-4.2e-06,5.8366666666666665e-05,0.0001751,3
2025-12-06 00:00:00+00:00,1.06e-05,-7.965666666666668e-05,-0.00023897000000000002,3
2025-12-07 00:00:00+00:00,2.573e-05,4.776e-05,0.00014328,3
2025-12-08 00:00:00+00:00,0.0001,4.1540000000000005e-05,0.00012462,3
2025-12-09 00:00:00+00:00,-7.099e-05,-1.0489999999999996e-05,-3.146999999999999e-05,3
2025-12-10 00:00:00+00:00,-6.171e-05,2.8633333333333332e-05,8.59e-05,3
2025-12-11 00:00:00+00:00,9.629e-05,3.982e-05,0.00011946000000000001,3
2025-12-12 00:00:00+00:00,2.737e-05,2.9143333333333336e-05,8.743000000000001e-05,3
2025-12-13 00:00:00+00:00,5.148e-05,6.344e-05,0.00019032,3
2025-12-14 00:00:00+00:00,-7.507e-05,-1.3609999999999995e-05,-4.082999999999999e-05,3
2025-12-15 00:00:00+00:00,1.483e-05,3.385e-05,0.00010155000000000002,3
2025-12-16 00:00:00+00:00,-4.12e-06,-6.052333333333333e-05,-0.00018156999999999998,3
2025-12-17 00:00:00+00:00,0.0001,-8.299999999999949e-07,-2.4899999999999846e-06,3
2025-12-18 00:00:00+00:00,0.0001,-3.238666666666666e-05,-9.715999999999998e-05,3
2025-12-19 00:00:00+00:00,0.0001,9.631e-05,0.00028893,3
2025-12-20 00:00:00+00:00,0.0001,5.4050000000000006e-05,0.00016215,3
2025-12-21 00:00:00+00:00,-0.00010512,1.572666666666667e-05,4.7180000000000006e-05,3
2025-12-22 00:00:00+00:00,-9.125e-05,-4.919999999999996e-06,-1.4759999999999987e-05,3
2025-12-23 00:00:00+00:00,0.0001,0.0001,0.00030000000000000003,3
2025-12-24 00:00:00+00:00,-5.25e-06,4.779666666666666e-05,0.00014339,3
2025-12-25 00:00:00+00:00,9.812e-05,9.666e-05,0.00028998,3
2025-12-26 00:00:00+00:00,4.145e-05,4.32e-05,0.0001296,3
2025-12-27 00:00:00+00:00,0.0001,0.0001,0.00030000000000000003,3
2025-12-28 00:00:00+00:00,0.0001,9.065666666666668e-05,0.00027197,3
2025-12-29 00:00:00+00:00,-1.096e-05,1.1883333333333334e-05,3.565e-05,3
2025-12-30 00:00:00+00:00,-2.528e-05,-2.222e-05,-6.666e-05,3
2025-12-31 00:00:00+00:00,0.0001,-5.426666666666667e-06,-1.628e-05,3
2026-01-01 00:00:00+00:00,0.0001,0.0001,0.00030000000000000003,3
2026-01-02 00:00:00+00:00,0.0001,0.0001,0.00030000000000000003,3
2026-01-03 00:00:00+00:00,0.0001,0.0001,0.00030000000000000003,3
2026-01-04 00:00:00+00:00,0.0001,7.899666666666667e-05,0.00023699000000000002,3
2026-01-05 00:00:00+00:00,0.0001,9.352666666666667e-05,0.00028058,3
2026-01-06 00:00:00+00:00,0.0001,8.631333333333335e-05,0.00025894000000000004,3
2026-01-07 00:00:00+00:00,0.0001,0.0001,0.00030000000000000003,3
2026-01-08 00:00:00+00:00,0.0001,0.0001,0.00030000000000000003,3
2026-01-09 00:00:00+00:00,0.0001,0.0001,0.00030000000000000003,3
2026-01-10 00:00:00+00:00,0.0001,5.620333333333333e-05,0.00016861,3
2026-01-11 00:00:00+00:00,3.758e-05,7.919333333333333e-05,0.00023758,3
2026-01-12 00:00:00+00:00,0.0001,0.0001,0.00030000000000000003,3
2026-01-13 00:00:00+00:00,0.0001,8.397333333333332e-05,0.00025192,3
2026-01-14 00:00:00+00:00,0.0001,0.0001,0.00030000000000000003,3
2026-01-15 00:00:00+00:00,1.495e-05,-2.7200000000000006e-06,-8.160000000000001e-06,3
2026-01-16 00:00:00+00:00,-4.973e-05,1.9546666666666667e-05,5.864e-05,3
2026-01-17 00:00:00+00:00,-0.00013763,2.0790000000000006e-05,6.237000000000001e-05,3
2026-01-18 00:00:00+00:00,0.0001,-1.8043333333333334e-05,-5.413e-05,3
2026-01-19 00:00:00+00:00,0.0001,7.088333333333333e-05,0.00021265,3
2026-01-20 00:00:00+00:00,0.0001,0.0001,0.00030000000000000003,3
2026-01-21 00:00:00+00:00,0.0001,0.0001,0.00030000000000000003,3
2026-01-22 00:00:00+00:00,3.367e-05,7.789e-05,0.00023367,3
2026-01-23 00:00:00+00:00,3.374e-05,7.791333333333335e-05,0.00023374000000000002,3
2026-01-24 00:00:00+00:00,5.818e-05,5.1059999999999996e-05,0.00015318,3
2026-01-25 00:00:00+00:00,3.64e-06,6.788000000000001e-05,0.00020364000000000002,3
2026-01-26 00:00:00+00:00,0.0001,8.9e-07,2.67e-06,3
2026-01-27 00:00:00+00:00,-0.00027628,-8.268333333333333e-05,-0.00024805,3
2026-01-28 00:00:00+00:00,0.0001,0.0001,0.00030000000000000003,3
2026-01-29 00:00:00+00:00,6.96e-06,7.463333333333336e-06,2.2390000000000008e-05,3
2026-01-30 00:00:00+00:00,0.0001,0.0001,0.00030000000000000003,3
2026-01-31 00:00:00+00:00,4.519e-05,6.592e-05,0.00019776,3
2026-02-01 00:00:00+00:00,0.0001,9.758e-05,0.00029274,3
2026-02-02 00:00:00+00:00,0.0001,8.381333333333334e-05,0.00025144,3
2026-02-03 00:00:00+00:00,9.251e-05,9.750333333333334e-05,0.00029251,3
2026-02-04 00:00:00+00:00,-0.00015915,1.3616666666666673e-05,4.085000000000002e-05,3
2026-02-05 00:00:00+00:00,7.593e-05,6.371666666666667e-05,0.00019115,3
2026-02-06 00:00:00+00:00,7.046e-05,9.015333333333335e-05,0.00027046000000000004,3
2026-02-07 00:00:00+00:00,0.0001,4.1173333333333334e-05,0.00012352,3
2026-02-08 00:00:00+00:00,1.772e-05,3.4393333333333335e-05,0.00010318,3
2026-02-09 00:00:00+00:00,3.547e-05,3.941333333333334e-05,0.00011824,3
2026-02-10 00:00:00+00:00,-0.00017345,-4.001999999999999e-05,-0.00012005999999999999,3
2026-02-11 00:00:00+00:00,-0.00014171,-8.208e-05,-0.00024624,3
2026-02-12 00:00:00+00:00,4.313e-05,4.333000000000001e-05,0.00012999000000000002,3
2026-02-13 00:00:00+00:00,-4.859e-05,-6.561666666666666e-05,-0.00019685,3
2026-02-14 00:00:00+00:00,4.962e-05,-3.2269999999999994e-05,-9.680999999999999e-05,3
2026-02-15 00:00:00+00:00,0.0001,0.0001,0.00030000000000000003,3
2026-02-16 00:00:00+00:00,-0.00015335,-2.3249999999999996e-05,-6.974999999999999e-05,3
2026-02-17 00:00:00+00:00,0.0001,5.293333333333335e-06,1.5880000000000004e-05,3
2026-02-18 00:00:00+00:00,-4.24e-05,-1.0713333333333333e-05,-3.214e-05,3
2026-02-19 00:00:00+00:00,3.125e-05,7.708333333333334e-05,0.00023125,3
2026-02-20 00:00:00+00:00,-4.844e-05,-2.6739999999999995e-05,-8.021999999999999e-05,3
2026-02-21 00:00:00+00:00,-0.0001219,5.363333333333339e-06,1.6090000000000017e-05,3
2026-02-22 00:00:00+00:00,0.0001,5.226666666666671e-06,1.5680000000000013e-05,3
2026-02-23 00:00:00+00:00,0.0001,9.453333333333333e-05,0.0002836,3
2026-02-24 00:00:00+00:00,4.962e-05,5.682666666666667e-05,0.00017048,3
2026-02-25 00:00:00+00:00,-5.032e-05,-0.00011842333333333335,-0.00035527000000000003,3
2026-02-26 00:00:00+00:00,-0.00023196,-1.0653333333333328e-05,-3.1959999999999985e-05,3
2026-02-27 00:00:00+00:00,-0.00015879,-8.270333333333333e-05,-0.00024811,3
2026-02-28 00:00:00+00:00,0.0001,4.766666666666665e-06,1.4299999999999995e-05,3
2026-03-01 00:00:00+00:00,-4.981e-05,4.183666666666667e-05,0.00012551,3
2026-03-02 00:00:00+00:00,-0.00023334,-0.00013230333333333336,-0.00039691000000000005,3
2026-03-03 00:00:00+00:00,-0.00031728,-9.803666666666666e-05,-0.00029411,3
2026-03-04 00:00:00+00:00,7.806e-05,1.9853333333333332e-05,5.955999999999999e-05,3
2026-03-05 00:00:00+00:00,-0.00027462,-0.00011737999999999999,-0.00035213999999999997,3
2026-03-06 00:00:00+00:00,-0.00042426,-0.00020655999999999997,-0.00061968,3
2026-03-07 00:00:00+00:00,-0.00063565,-0.0004541666666666667,-0.0013625,3
2026-03-08 00:00:00+00:00,-0.00036212,-0.00055869,-0.00167607,3
2026-03-09 00:00:00+00:00,-0.00051606,-0.0005983300000000001,-0.0017949900000000002,3
2026-03-10 00:00:00+00:00,9.578e-05,-9.188333333333334e-05,-0.00027565,3
2026-03-11 00:00:00+00:00,-0.00024456,-0.00024242333333333334,-0.00072727,3
2026-03-12 00:00:00+00:00,-0.00021188,-0.00014478666666666666,-0.00043436,3
2026-03-13 00:00:00+00:00,0.0001,7.761e-05,0.00023283,3
2026-03-14 00:00:00+00:00,-0.00035951,-0.00022057333333333332,-0.00066172,3
2026-03-15 00:00:00+00:00,6.9e-05,-0.0001204,-0.0003612,3
2026-03-16 00:00:00+00:00,0.0001,7.850666666666668e-05,0.00023552000000000002,3
2026-03-17 00:00:00+00:00,-0.00017663,7.790000000000005e-06,2.3370000000000015e-05,3
2026-03-18 00:00:00+00:00,0.0001,-8.996e-05,-0.00026988,3
2026-03-19 00:00:00+00:00,1.641e-05,-8.033999999999999e-05,-0.00024102,3
2026-03-20 00:00:00+00:00,-0.00032111,-0.00023814,-0.00071442,3
2026-03-21 00:00:00+00:00,-0.00024199,-0.00025402000000000004,-0.0007620600000000001,3
2026-03-22 00:00:00+00:00,-0.00024366,-0.0003095566666666667,-0.00092867,3
2026-03-23 00:00:00+00:00,-0.00021322,-0.00014673,-0.00044018999999999997,3
2026-03-24 00:00:00+00:00,7.86e-06,-2.702e-05,-8.106e-05,3
2026-03-25 00:00:00+00:00,0.0001,0.0001,0.00030000000000000003,3
2026-03-26 00:00:00+00:00,-0.00014961,-5.175333333333333e-05,-0.00015526,3
2026-03-27 00:00:00+00:00,-0.00031349,-0.000103,-0.000309,3
2026-03-28 00:00:00+00:00,7.977e-05,-2.3966666666666635e-06,-7.1899999999999905e-06,3
2026-03-29 00:00:00+00:00,-0.00026642,-0.00015720666666666665,-0.00047161999999999996,3
2026-03-30 00:00:00+00:00,0.0001,4.591e-05,0.00013773,3
2026-03-31 00:00:00+00:00,-1.082e-05,1.3473333333333334e-05,4.042e-05,3
2026-04-01 00:00:00+00:00,-0.00028343,-2.7816666666666664e-05,-8.345e-05,3
2026-04-02 00:00:00+00:00,-7.73e-05,-0.00018461666666666664,-0.0005538499999999999,3
2026-04-03 00:00:00+00:00,0.0001,8.405333333333334e-05,0.00025216,3
2026-04-04 00:00:00+00:00,-0.00016978,-3.605666666666666e-05,-0.00010816999999999999,3
2026-04-05 00:00:00+00:00,-0.00015082,-0.00011379,-0.00034137,3
2026-04-06 00:00:00+00:00,0.0001,0.0001,0.00030000000000000003,3
2026-04-07 00:00:00+00:00,-4.448e-05,-0.00015548333333333334,-0.00046645,3
2026-04-08 00:00:00+00:00,0.0001,0.0001,0.00030000000000000003,3
2026-04-09 00:00:00+00:00,-0.00017389,-6.844666666666666e-05,-0.00020533999999999998,3
2026-04-10 00:00:00+00:00,0.0001,4.7696666666666674e-05,0.00014309000000000001,3
2026-04-11 00:00:00+00:00,-9.319e-05,3.560333333333334e-05,0.00010681000000000002,3
2026-04-12 00:00:00+00:00,2.79e-06,-5.2653333333333346e-05,-0.00015796000000000004,3
2026-04-13 00:00:00+00:00,-4.468e-05,-0.00015424000000000001,-0.00046272,3
2026-04-14 00:00:00+00:00,0.0001,0.0001,0.00030000000000000003,3
2026-04-15 00:00:00+00:00,4.661e-05,-0.00011392333333333335,-0.00034177000000000003,3
2026-04-16 00:00:00+00:00,8.849e-05,9.616333333333334e-05,0.00028849,3
2026-04-17 00:00:00+00:00,8.459e-05,9.486333333333335e-05,0.00028459000000000004,3
2026-04-18 00:00:00+00:00,-2.958e-05,-8.350666666666666e-05,-0.00025052,3
2026-04-19 00:00:00+00:00,-4.378e-05,-0.00013637,-0.00040911,3
2026-04-20 00:00:00+00:00,0.0001,0.0001,0.00030000000000000003,3
2026-04-21 00:00:00+00:00,9.018e-05,3.595333333333333e-05,0.00010785999999999999,3
2026-04-22 00:00:00+00:00,8.47e-06,6.949e-05,0.00020847000000000001,3
2026-04-23 00:00:00+00:00,-6.108e-05,-0.00016499666666666666,-0.00049499,3
2026-04-24 00:00:00+00:00,0.0001,0.0001,0.00030000000000000003,3
2026-04-25 00:00:00+00:00,-4.963e-05,5.0123333333333335e-05,0.00015037,3
2026-04-26 00:00:00+00:00,0.0001,4.719666666666667e-05,0.00014159,3
2026-04-27 00:00:00+00:00,7.22e-06,-2.111333333333333e-05,-6.333999999999999e-05,3
2026-04-28 00:00:00+00:00,0.0001,0.0001,0.00030000000000000003,3
2026-04-29 00:00:00+00:00,-0.00019679,1.070000000000006e-06,3.2100000000000184e-06,3
2026-04-30 00:00:00+00:00,6.322e-05,1.7606666666666665e-05,5.282e-05,3
2026-05-01 00:00:00+00:00,0.0001,5.377666666666667e-05,0.00016133,3
2026-05-02 00:00:00+00:00,0.0001,2.2703333333333333e-05,6.811e-05,3
2026-05-03 00:00:00+00:00,-0.0001024,-6.725666666666666e-05,-0.00020177,3
2026-05-04 00:00:00+00:00,4.672e-05,5.582e-05,0.00016746,3
2026-05-05 00:00:00+00:00,0.0001,0.0001,0.00030000000000000003,3
2026-05-06 00:00:00+00:00,0.0001,0.0001,0.00030000000000000003,3
2026-05-07 00:00:00+00:00,9.195e-05,9.731666666666667e-05,0.00029195,3
2026-05-08 00:00:00+00:00,0.0001,5.147e-05,0.00015441,3
2026-05-09 00:00:00+00:00,3.742e-05,6.423666666666667e-05,0.00019271000000000002,3
2026-05-10 00:00:00+00:00,9.579e-05,2.858e-05,8.574e-05,3
2026-05-11 00:00:00+00:00,-0.00011428,-0.00013938666666666666,-0.00041816,3
2026-05-12 00:00:00+00:00,-8.27e-05,1.845e-05,5.5350000000000004e-05,3
2026-05-13 00:00:00+00:00,-3.814e-05,5.395333333333333e-05,0.00016186,3
2026-05-14 00:00:00+00:00,0.0001,0.0001,0.00030000000000000003,3
2026-05-15 00:00:00+00:00,-0.00020627,-8.592333333333333e-05,-0.00025777,3
2026-05-16 00:00:00+00:00,3.72e-06,6.790666666666666e-05,0.00020372,3
2026-05-17 00:00:00+00:00,-0.00014203,-2.5923333333333333e-05,-7.777e-05,3
2026-05-18 00:00:00+00:00,0.0001,0.0001,0.00030000000000000003,3
2026-05-19 00:00:00+00:00,7.251e-05,9.083666666666666e-05,0.00027251,3
2026-05-20 00:00:00+00:00,2.945e-05,5.2583333333333335e-05,0.00015775,3
2026-05-21 00:00:00+00:00,-2.587e-05,2.5330000000000003e-05,7.599000000000001e-05,3
2026-05-22 00:00:00+00:00,0.0001,0.0001,0.00030000000000000003,3
2026-05-23 00:00:00+00:00,-0.00016397,-2.647e-05,-7.941e-05,3
2026-05-24 00:00:00+00:00,6.233e-05,8.744333333333334e-05,0.00026233,3
2026-05-25 00:00:00+00:00,0.0001,7.723e-05,0.00023169,3
2026-05-26 00:00:00+00:00,0.0001,8.103333333333333e-05,0.0002431,3
2026-05-27 00:00:00+00:00,-4.662e-05,-2.1686666666666667e-05,-6.506e-05,3
2026-05-28 00:00:00+00:00,1.27e-06,-4.133333333333337e-06,-1.240000000000001e-05,3
2026-05-29 00:00:00+00:00,5.521e-05,5.3766666666666675e-05,0.00016130000000000002,3
2026-05-30 00:00:00+00:00,-5.952e-05,4.143666666666667e-05,0.00012431,3
2026-05-31 00:00:00+00:00,6.416e-05,7.157333333333333e-05,0.00021472,3
2026-06-01 00:00:00+00:00,6.293e-05,2.703333333333333e-05,8.109999999999999e-05,3
2026-06-02 00:00:00+00:00,-2.449e-05,5.850333333333333e-05,0.00017551,3
2026-06-03 00:00:00+00:00,4.218e-05,-8.24e-06,-2.472e-05,3
2026-06-04 00:00:00+00:00,-1.13e-05,-4.193333333333334e-05,-0.00012580000000000002,3
2026-06-05 00:00:00+00:00,4.495e-05,-1.5793333333333333e-05,-4.738e-05,3
2026-06-06 00:00:00+00:00,0.0001,9.816333333333334e-05,0.00029449,3
2026-06-07 00:00:00+00:00,9.636e-05,3.449333333333334e-05,0.00010348,3
2026-06-08 00:00:00+00:00,0.0001,0.0001,0.00030000000000000003,3
2026-06-09 00:00:00+00:00,8.288e-05,8.823333333333336e-06,2.647000000000001e-05,3
2026-06-10 00:00:00+00:00,1.73e-05,1.4986666666666668e-05,4.496e-05,3
2026-06-11 00:00:00+00:00,0.0001,4.991666666666667e-05,0.00014975,3
2026-06-12 00:00:00+00:00,0.0001,9.294e-05,0.00027882,3
2026-06-13 00:00:00+00:00,4.213e-05,3.668333333333333e-05,0.00011004999999999999,3
2026-06-14 00:00:00+00:00,-1.026e-05,-1.0166666666666667e-06,-3.0500000000000004e-06,3
2026-06-15 00:00:00+00:00,4.788e-05,4.852e-05,0.00014556,3
2026-06-16 00:00:00+00:00,2.84e-06,2.4300000000000005e-05,7.290000000000001e-05,3
2026-06-17 00:00:00+00:00,8.486e-05,7.404666666666667e-05,0.00022214,3
2026-06-18 00:00:00+00:00,-9.224e-05,-0.00013790999999999999,-0.00041372999999999996,3
2026-06-19 00:00:00+00:00,-0.00011236,2.9213333333333337e-05,8.764000000000001e-05,3
2026-06-20 00:00:00+00:00,0.0001,8.546666666666669e-06,2.5640000000000005e-05,3
2026-06-21 00:00:00+00:00,0.0001,0.0001,0.00030000000000000003,3
2026-06-22 00:00:00+00:00,0.0001,0.0001,0.00030000000000000003,3
2026-06-23 00:00:00+00:00,-6.695e-05,-4.934333333333333e-05,-0.00014803,3
2026-06-24 00:00:00+00:00,-0.00019606,1.31333333333334e-06,3.94000000000002e-06,3
2026-06-25 00:00:00+00:00,-6.892e-05,-8.156666666666667e-05,-0.0002447,3
2026-06-26 00:00:00+00:00,0.0001,6.223666666666667e-05,0.00018671,3
2026-06-27 00:00:00+00:00,-2.79e-06,4.6643333333333335e-05,0.00013993,3
2026-06-28 00:00:00+00:00,-5.53e-05,-4.943666666666667e-05,-0.00014831,3
2026-06-29 00:00:00+00:00,-8.801e-05,-4.8053333333333336e-05,-0.00014416,3
2026-06-30 00:00:00+00:00,-0.00017078,-0.00010645666666666665,-0.00031937,3
2026-07-01 00:00:00+00:00,-0.00019703,-8.224333333333334e-05,-0.00024673,3
2026-07-02 00:00:00+00:00,0.0001,7.145e-05,0.00021435,3
2026-07-03 00:00:00+00:00,0.0001,0.0001,0.00030000000000000003,3
2026-07-04 00:00:00+00:00,0.0001,9.500666666666666e-05,0.00028502,3
2026-07-05 00:00:00+00:00,-4.061e-05,4.891e-05,0.00014673,3
2026-07-06 00:00:00+00:00,0.0001,9.988e-05,0.00029964,3
2026-07-07 00:00:00+00:00,0.0001,8.843333333333333e-05,0.0002653,3
2026-07-08 00:00:00+00:00,9.186e-05,3.207e-05,9.621000000000002e-05,3
2026-07-09 00:00:00+00:00,4.224e-05,5.7069999999999994e-05,0.00017120999999999998,3
2026-07-10 00:00:00+00:00,-4.022e-05,1.473666666666667e-05,4.421000000000001e-05,3
2026-07-11 00:00:00+00:00,8.389e-05,8.308333333333334e-05,0.00024925,3
2026-07-12 00:00:00+00:00,0.0001,2.0053333333333337e-05,6.016000000000001e-05,3
2026-07-13 00:00:00+00:00,0.0001,5.263333333333337e-06,1.579000000000001e-05,3
2026-07-14 00:00:00+00:00,0.0001,9.065666666666668e-05,0.00027197,3
2026-07-15 00:00:00+00:00,3.791e-05,3.3560000000000004e-05,0.00010068,3
2026-07-16 00:00:00+00:00,0.0001,3.5833333333333347e-06,1.0750000000000004e-05,3
2026-07-17 00:00:00+00:00,-0.0001176,2.746666666666667e-05,8.240000000000001e-05,3
2026-07-18 00:00:00+00:00,-5.297e-05,-3.976666666666667e-05,-0.00011930000000000001,3
2026-07-19 00:00:00+00:00,0.0001,7.274333333333334e-05,0.00021823,3
2026-07-20 00:00:00+00:00,0.0001,6.610333333333333e-05,0.00019831,3
2026-07-21 00:00:00+00:00,0.0001,0.0001,0.00030000000000000003,3
2026-07-22 00:00:00+00:00,0.0001,0.0001,0.00030000000000000003,3
2026-07-23 00:00:00+00:00,0.0001,0.0001,0.00030000000000000003,3
2026-07-24 00:00:00+00:00,-0.00015593,-3.543e-05,-0.00010629,3
2026-07-25 00:00:00+00:00,7.292e-05,6.470000000000002e-06,1.9410000000000006e-05,3
2026-07-26 00:00:00+00:00,0.0001,1.810666666666667e-05,5.432000000000001e-05,3
2026-07-27 00:00:00+00:00,0.0001,0.0001,0.00030000000000000003,3
2026-07-28 00:00:00+00:00,1.106e-05,5.6410000000000004e-05,0.00016923,3
2026-07-29 00:00:00+00:00,-5.369e-05,2.9509999999999997e-05,8.853e-05,3
2026-07-30 00:00:00+00:00,-5.851e-05,4.7163333333333336e-05,0.00014149,3
2026-07-31 00:00:00+00:00,-0.00016731,-3.4966666666666665e-05,-0.00010489999999999999,3
2026-08-01 00:00:00+00:00,-1.395e-05,3.773666666666667e-05,0.00011321000000000001,3
2026-08-02 00:00:00+00:00,0.0001,0.0001,0.00030000000000000003,3
2026-08-03 00:00:00+00:00,8.174e-05,9.391333333333333e-05,0.00028174,3
2026-08-04 00:00:00+00:00,4.826e-05,8.275333333333335e-05,0.00024826000000000004,3
2026-08-05 00:00:00+00:00,4.935e-05,8.311666666666668e-05,0.00024935,3
2026-08-06 00:00:00+00:00,-0.00018193,-4.318666666666666e-05,-0.00012955999999999997,3
2026-08-07 00:00:00+00:00,0.0001,0.0001,0.00030000000000000003,3
2026-08-08 00:00:00+00:00,0.0001,0.0001,0.00030000000000000003,3
2026-08-09 00:00:00+00:00,-4.84e-06,5.211666666666667e-05,0.00015635,3
2026-08-10 00:00:00+00:00,0.0001,9.991999999999999e-05,0.00029976,3
2026-08-11 00:00:00+00:00,-2.971e-05,4.111e-05,0.00012333,3
2026-08-12 00:00:00+00:00,0.0001,0.0001,0.00030000000000000003,3
2026-08-13 00:00:00+00:00,-3.489e-05,-8.035e-05,-0.00024105,3
2026-08-14 00:00:00+00:00,-0.00027786,-6.095666666666667e-05,-0.00018287000000000002,3
2026-08-15 00:00:00+00:00,-0.0001544,-7.510333333333334e-05,-0.00022531,3
2026-08-16 00:00:00+00:00,3.4e-07,2.686e-05,8.058e-05,3
2026-08-17 00:00:00+00:00,0.0001,6.172000000000001e-05,0.00018516000000000002,3
2026-08-18 00:00:00+00:00,0.0001,7.486999999999999e-05,0.00022460999999999998,3
2026-08-19 00:00:00+00:00,0.0001,0.0001,0.00030000000000000003,3
2026-08-20 00:00:00+00:00,0.0001,0.0001,0.00030000000000000003,3
2026-08-21 00:00:00+00:00,0.0001,0.0001,0.00030000000000000003,3
2026-08-22 00:00:00+00:00,0.0001,0.0001,0.00030000000000000003,3
2026-08-23 00:00:00+00:00,0.0001,0.0001,0.00030000000000000003,3
2026-08-24 00:00:00+00:00,0.0001,0.0001,0.0001,1
